<?xml version = '1.0' encoding = 'UTF-8'?>
<FKIndexAssociation class="oracle.dbtools.crest.model.design.relational.FKIndexAssociation" directorySegmentName="seg_0" id="07E6468D-500B-4415-2BE5-A5BCD1FB2893" containerWithKeyObject="29B79842-AB80-DE9B-6A02-71A6B875F841" localFKIndex="73226DE5-EB99-2547-0C6B-61583DFB6CCD" name="MED_UNI_ATEN_UNI_ATEN_FK">
<createdBy>HP</createdBy>
<createdTime>2025-09-13 09:46:47 UTC</createdTime>
<generatorID>112F46A2-8DFA-D4FF-4390-DA3E3E56A32A</generatorID>
<ownerDesignName>Exp2_S5_Alonso_Basualdo</ownerDesignName>
<referredTableLongName>UNIDAD_ATENCION</referredTableLongName>
<deleteRule>NO ACTION</deleteRule>
<referredTableID>55E47435-8039-5302-920D-AB9FF612D76D</referredTableID>
<keyObject>ADCEAEE0-9948-6B66-4807-B7F176F681FF</keyObject>
<referredKeyID>ADCEAEE0-9948-6B66-4807-B7F176F681FF</referredKeyID>
<mandatory>false</mandatory>
<refColNames>id_unidad</refColNames>
<transferable>true</transferable>
<rely>false</rely>
<columnDependencyConstraintGenerateInDDL>true</columnDependencyConstraintGenerateInDDL>
</FKIndexAssociation>