<?xml version = '1.0' encoding = 'UTF-8'?>
<FKIndexAssociation class="oracle.dbtools.crest.model.design.relational.FKIndexAssociation" directorySegmentName="seg_0" id="207DBCD3-58DE-BBEC-E87F-0DFB96443D2C" containerWithKeyObject="1CBBCB32-9227-428D-7E93-67307CA9A2BD" localFKIndex="11DC0306-8A80-E523-946D-852389234455" name="MEDICO_MEDICO_FK">
<createdBy>HP</createdBy>
<createdTime>2025-09-13 09:46:47 UTC</createdTime>
<generatorID>495FD4D0-B792-28A7-2C90-660AD65123B1</generatorID>
<ownerDesignName>Exp2_S5_Alonso_Basualdo</ownerDesignName>
<referredTableLongName>MEDICO</referredTableLongName>
<deleteRule>NO ACTION</deleteRule>
<referredTableID>1CBBCB32-9227-428D-7E93-67307CA9A2BD</referredTableID>
<keyObject>E67122E3-E623-87AA-9F06-8B039407C0D0</keyObject>
<referredKeyID>E67122E3-E623-87AA-9F06-8B039407C0D0</referredKeyID>
<mandatory>false</mandatory>
<refColNames>rut_medico</refColNames>
<transferable>true</transferable>
<rely>false</rely>
<columnDependencyConstraintGenerateInDDL>true</columnDependencyConstraintGenerateInDDL>
</FKIndexAssociation>