<?xml version = '1.0' encoding = 'UTF-8'?>
<FKIndexAssociation class="oracle.dbtools.crest.model.design.relational.FKIndexAssociation" directorySegmentName="seg_0" id="2CA1308B-8323-A8E5-69B7-DF274BAC1680" containerWithKeyObject="1CBBCB32-9227-428D-7E93-67307CA9A2BD" localFKIndex="6CB7A957-8433-665D-3454-22F20A0A51A5" name="MEDICO_AFP_FK">
<createdBy>HP</createdBy>
<createdTime>2025-09-13 09:46:47 UTC</createdTime>
<generatorID>CDC8CF6F-15CE-B4C8-201B-611E01DA9D1D</generatorID>
<ownerDesignName>Exp2_S5_Alonso_Basualdo</ownerDesignName>
<referredTableLongName>AFP</referredTableLongName>
<deleteRule>NO ACTION</deleteRule>
<referredTableID>BF8AE741-35C3-E36B-B26C-0CA8B97D8585</referredTableID>
<keyObject>1B53A476-E74F-1067-C074-CAF7C1344AA8</keyObject>
<referredKeyID>1B53A476-E74F-1067-C074-CAF7C1344AA8</referredKeyID>
<mandatory>true</mandatory>
<refColNames>codigo_afp</refColNames>
<transferable>true</transferable>
<rely>false</rely>
<columnDependencyConstraintGenerateInDDL>true</columnDependencyConstraintGenerateInDDL>
</FKIndexAssociation>