<?xml version = '1.0' encoding = 'UTF-8'?>
<FKIndexAssociation class="oracle.dbtools.crest.model.design.relational.FKIndexAssociation" directorySegmentName="seg_0" id="314C0DE3-8405-70D0-825B-EE0F1B3D028B" containerWithKeyObject="29B79842-AB80-DE9B-6A02-71A6B875F841" localFKIndex="0494D101-92C2-EB25-48B6-0B7F1BEEC69C" name="MED_UNI_ATEN_MED_FK">
<createdBy>HP</createdBy>
<createdTime>2025-09-13 09:46:47 UTC</createdTime>
<generatorID>A5D50128-2185-6305-9B45-6079A2FF6682</generatorID>
<ownerDesignName>Exp2_S5_Alonso_Basualdo</ownerDesignName>
<referredTableLongName>MEDICO</referredTableLongName>
<deleteRule>NO ACTION</deleteRule>
<referredTableID>1CBBCB32-9227-428D-7E93-67307CA9A2BD</referredTableID>
<keyObject>E67122E3-E623-87AA-9F06-8B039407C0D0</keyObject>
<referredKeyID>E67122E3-E623-87AA-9F06-8B039407C0D0</referredKeyID>
<mandatory>false</mandatory>
<refColNames>rut_medico</refColNames>
<transferable>true</transferable>
<rely>false</rely>
<columnDependencyConstraintGenerateInDDL>true</columnDependencyConstraintGenerateInDDL>
</FKIndexAssociation>