<?xml version = '1.0' encoding = 'UTF-8'?>
<FKIndexAssociation class="oracle.dbtools.crest.model.design.relational.FKIndexAssociation" directorySegmentName="seg_0" id="3490B7C7-EAD0-BB35-44C1-A2C28308681E" containerWithKeyObject="A2B70DA7-7386-0742-DBCD-5B3F72C5275D" localFKIndex="FB9003D5-6715-FCE7-655E-919064AA366A" name="COM_REGI_FK">
<createdBy>HP</createdBy>
<createdTime>2025-09-13 09:46:47 UTC</createdTime>
<generatorID>54739B90-2A4B-28EC-E127-D3B3C7EB7EF3</generatorID>
<ownerDesignName>Exp2_S5_Alonso_Basualdo</ownerDesignName>
<referredTableLongName>REGION</referredTableLongName>
<deleteRule>NO ACTION</deleteRule>
<referredTableID>33D6B057-930C-74CA-BD42-A7767FB98CA2</referredTableID>
<keyObject>6650AA12-B5B3-5DCE-E7D3-09458BF52166</keyObject>
<referredKeyID>6650AA12-B5B3-5DCE-E7D3-09458BF52166</referredKeyID>
<mandatory>false</mandatory>
<refColNames>id_region</refColNames>
<transferable>true</transferable>
<rely>false</rely>
<columnDependencyConstraintGenerateInDDL>true</columnDependencyConstraintGenerateInDDL>
</FKIndexAssociation>