<?xml version = '1.0' encoding = 'UTF-8'?>
<FKIndexAssociation class="oracle.dbtools.crest.model.design.relational.FKIndexAssociation" directorySegmentName="seg_0" id="88075FDD-9099-219A-19D8-FFB51A3B3C1F" containerWithKeyObject="1727951E-C6F7-F1A3-9E95-D3DDAA81256B" localFKIndex="D351EE55-4311-E883-5A2F-FDEF798C90AD" name="ATEN_EXA_ATEN_MEDICA_FK">
<createdBy>HP</createdBy>
<createdTime>2025-09-13 09:46:47 UTC</createdTime>
<generatorID>9B8624C5-0885-A4F7-09A4-6F10BDC71166</generatorID>
<ownerDesignName>Exp2_S5_Alonso_Basualdo</ownerDesignName>
<referredTableLongName>ATENCION_MEDICA</referredTableLongName>
<deleteRule>NO ACTION</deleteRule>
<referredTableID>63404768-E025-75E7-3B2A-B01BCBD8006B</referredTableID>
<keyObject>71898D65-C956-6A6F-305D-F142C1D5DC72</keyObject>
<referredKeyID>71898D65-C956-6A6F-305D-F142C1D5DC72</referredKeyID>
<mandatory>false</mandatory>
<refColNames>id_atencion</refColNames>
<transferable>true</transferable>
<rely>false</rely>
<columnDependencyConstraintGenerateInDDL>true</columnDependencyConstraintGenerateInDDL>
</FKIndexAssociation>