<?xml version = '1.0' encoding = 'UTF-8'?>
<FKIndexAssociation class="oracle.dbtools.crest.model.design.relational.FKIndexAssociation" directorySegmentName="seg_0" id="A9627BB5-DB73-4F8D-1B70-84A0762B0445" containerWithKeyObject="63404768-E025-75E7-3B2A-B01BCBD8006B" localFKIndex="396BE9E8-287C-89E4-6C8D-1E8DB54AE4CB" name="ATENC_MED_PAGO_FK">
<createdBy>alons</createdBy>
<createdTime>2025-09-14 23:43:01 UTC</createdTime>
<generatorID>B8635E49-451A-5244-9240-2F1356164953</generatorID>
<ownerDesignName>Exp2_S5_Alonso_Basualdo</ownerDesignName>
<referredTableLongName>PAGO_ATENCION</referredTableLongName>
<deleteRule>NO ACTION</deleteRule>
<referredTableID>40500ECA-F861-214A-DC8B-EA3226170FFB</referredTableID>
<keyObject>31D3A6C0-EBE4-33C6-3A4E-4E60DDB49631</keyObject>
<referredKeyID>31D3A6C0-EBE4-33C6-3A4E-4E60DDB49631</referredKeyID>
<mandatory>true</mandatory>
<refColNames>id_pago</refColNames>
<transferable>true</transferable>
<rely>false</rely>
<columnDependencyConstraintGenerateInDDL>true</columnDependencyConstraintGenerateInDDL>
</FKIndexAssociation>