<?xml version = '1.0' encoding = 'UTF-8'?>
<FKIndexAssociation class="oracle.dbtools.crest.model.design.relational.FKIndexAssociation" directorySegmentName="seg_0" id="AC34F9A6-0217-784E-B7D3-8D1141782BA1" containerWithKeyObject="63404768-E025-75E7-3B2A-B01BCBD8006B" localFKIndex="2D9E247E-F0F3-4A6D-B434-1CB2CA6EA971" name="ATEN_MEDICA_PACIE_FK">
<createdBy>HP</createdBy>
<createdTime>2025-09-13 09:46:47 UTC</createdTime>
<generatorID>166CD0F1-3949-6838-A6C9-2398EE1E0CB9</generatorID>
<ownerDesignName>Exp2_S5_Alonso_Basualdo</ownerDesignName>
<referredTableLongName>PACIENTE</referredTableLongName>
<deleteRule>NO ACTION</deleteRule>
<referredTableID>74BE1445-9207-A07B-434A-2423041F1C40</referredTableID>
<keyObject>B156FC44-E498-C675-EF49-1EFE96222AB4</keyObject>
<referredKeyID>B156FC44-E498-C675-EF49-1EFE96222AB4</referredKeyID>
<mandatory>false</mandatory>
<refColNames>rut_paciente</refColNames>
<transferable>true</transferable>
<rely>false</rely>
<columnDependencyConstraintGenerateInDDL>true</columnDependencyConstraintGenerateInDDL>
</FKIndexAssociation>