<?xml version = '1.0' encoding = 'UTF-8'?>
<FKIndexAssociation class="oracle.dbtools.crest.model.design.relational.FKIndexAssociation" directorySegmentName="seg_0" id="AF812880-2A6D-B669-B76D-43B889C6BAB1" containerWithKeyObject="1727951E-C6F7-F1A3-9E95-D3DDAA81256B" localFKIndex="B5EA1900-7495-330F-E2F6-6B5EAB5F2054" name="ATEN_EXA_EXA_FK">
<createdBy>HP</createdBy>
<createdTime>2025-09-13 09:46:47 UTC</createdTime>
<generatorID>E11258A0-8C18-A156-745F-7769E889FA46</generatorID>
<ownerDesignName>Exp2_S5_Alonso_Basualdo</ownerDesignName>
<referredTableLongName>EXAMEN</referredTableLongName>
<deleteRule>NO ACTION</deleteRule>
<referredTableID>F8C40BBE-6C60-3715-9AB0-E8BABFEAD91F</referredTableID>
<keyObject>31A1AB50-D310-93D6-8B8B-9248A7A34FE3</keyObject>
<referredKeyID>31A1AB50-D310-93D6-8B8B-9248A7A34FE3</referredKeyID>
<mandatory>false</mandatory>
<refColNames>id_examen</refColNames>
<transferable>true</transferable>
<rely>false</rely>
<columnDependencyConstraintGenerateInDDL>true</columnDependencyConstraintGenerateInDDL>
</FKIndexAssociation>