<?xml version = '1.0' encoding = 'UTF-8'?>
<FKIndexAssociation class="oracle.dbtools.crest.model.design.relational.FKIndexAssociation" directorySegmentName="seg_0" id="DF0DA8E9-4101-D366-28A6-ED9F3E7E0730" containerWithKeyObject="1CBBCB32-9227-428D-7E93-67307CA9A2BD" localFKIndex="BABE342D-B86E-4324-2A38-64A1E44CBC33" name="MEDICO_INSTITUCION_SALUD_FK">
<createdBy>HP</createdBy>
<createdTime>2025-09-13 09:46:47 UTC</createdTime>
<generatorID>D8455850-95C1-5B4B-66A7-20B05D93D54D</generatorID>
<ownerDesignName>Exp2_S5_Alonso_Basualdo</ownerDesignName>
<referredTableLongName>INSTITUCION_SALUD</referredTableLongName>
<deleteRule>NO ACTION</deleteRule>
<referredTableID>24DF97C6-8B0D-64E6-0E63-6F72D15067C1</referredTableID>
<keyObject>3B1FCC1B-6F96-4CAE-CE8E-FD9A62BBBDCF</keyObject>
<referredKeyID>3B1FCC1B-6F96-4CAE-CE8E-FD9A62BBBDCF</referredKeyID>
<mandatory>true</mandatory>
<refColNames>codigo_institucion</refColNames>
<transferable>true</transferable>
<rely>false</rely>
<columnDependencyConstraintGenerateInDDL>true</columnDependencyConstraintGenerateInDDL>
</FKIndexAssociation>