<?xml version = '1.0' encoding = 'UTF-8'?>
<FKIndexAssociation class="oracle.dbtools.crest.model.design.relational.FKIndexAssociation" directorySegmentName="seg_0" id="EB589174-FC97-07A1-7F3C-52DA56C39BED" containerWithKeyObject="63404768-E025-75E7-3B2A-B01BCBD8006B" localFKIndex="814FEDD8-3712-84D2-8054-0A8622E68678" name="ATEN_MEDICA_MEDI_FK">
<createdBy>HP</createdBy>
<createdTime>2025-09-13 09:46:47 UTC</createdTime>
<generatorID>91042A73-0EEF-8846-1022-C3BC59555937</generatorID>
<ownerDesignName>Exp2_S5_Alonso_Basualdo</ownerDesignName>
<referredTableLongName>MEDICO</referredTableLongName>
<deleteRule>NO ACTION</deleteRule>
<referredTableID>1CBBCB32-9227-428D-7E93-67307CA9A2BD</referredTableID>
<keyObject>E67122E3-E623-87AA-9F06-8B039407C0D0</keyObject>
<referredKeyID>E67122E3-E623-87AA-9F06-8B039407C0D0</referredKeyID>
<mandatory>false</mandatory>
<refColNames>rut_medico</refColNames>
<transferable>true</transferable>
<rely>false</rely>
<columnDependencyConstraintGenerateInDDL>true</columnDependencyConstraintGenerateInDDL>
</FKIndexAssociation>