<?xml version = '1.0' encoding = 'UTF-8'?>
<FKIndexAssociation class="oracle.dbtools.crest.model.design.relational.FKIndexAssociation" directorySegmentName="seg_0" id="F4FD23BB-2122-4DAB-A87F-E65FBCAB4A20" containerWithKeyObject="74BE1445-9207-A07B-434A-2423041F1C40" localFKIndex="79A9BC65-B827-46B1-000D-C2047B15E404" name="PACIE_COMU_FK">
<createdBy>HP</createdBy>
<createdTime>2025-09-13 09:46:47 UTC</createdTime>
<generatorID>158BC5C1-23BC-85F0-47C0-BD18E895B492</generatorID>
<ownerDesignName>Exp2_S5_Alonso_Basualdo</ownerDesignName>
<referredTableLongName>COMUNA</referredTableLongName>
<deleteRule>NO ACTION</deleteRule>
<referredTableID>A2B70DA7-7386-0742-DBCD-5B3F72C5275D</referredTableID>
<keyObject>8C5BE0EF-1D26-3C5F-1E2C-08C5A7969858</keyObject>
<referredKeyID>8C5BE0EF-1D26-3C5F-1E2C-08C5A7969858</referredKeyID>
<mandatory>false</mandatory>
<refColNames>id_comuna</refColNames>
<transferable>true</transferable>
<rely>false</rely>
<columnDependencyConstraintGenerateInDDL>true</columnDependencyConstraintGenerateInDDL>
</FKIndexAssociation>