<?xml version = '1.0' encoding = 'UTF-8'?>
<FKIndexAssociation class="oracle.dbtools.crest.model.design.relational.FKIndexAssociation" directorySegmentName="seg_0" id="F827F8A6-4DB5-B120-5A32-FF35D92A09AE" containerWithKeyObject="1CBBCB32-9227-428D-7E93-67307CA9A2BD" localFKIndex="B4753C2C-CBDA-D64A-0E0A-9C7819E45B29" name="MEDICO_ESPECIALIDAD_FK">
<createdBy>HP</createdBy>
<createdTime>2025-09-13 09:46:47 UTC</createdTime>
<generatorID>90F4A7EB-17C2-0835-7B47-D5264DEAF91B</generatorID>
<ownerDesignName>Exp2_S5_Alonso_Basualdo</ownerDesignName>
<referredTableLongName>ESPECIALIDAD</referredTableLongName>
<deleteRule>NO ACTION</deleteRule>
<referredTableID>06772DC7-1012-CFC7-9B84-E06889F79EF1</referredTableID>
<keyObject>614B34C4-07E1-7775-4D1D-2CD178B5FCEA</keyObject>
<referredKeyID>614B34C4-07E1-7775-4D1D-2CD178B5FCEA</referredKeyID>
<mandatory>true</mandatory>
<refColNames>id_especialidad</refColNames>
<transferable>true</transferable>
<rely>false</rely>
<columnDependencyConstraintGenerateInDDL>true</columnDependencyConstraintGenerateInDDL>
</FKIndexAssociation>