<?xml version = '1.0' encoding = 'UTF-8'?>
<relationalModel class="oracle.dbtools.crest.model.design.relational.RelationalDesign" name="Relational_1" id="A4320743-6D26-5BF5-DB8A-DA0110E44A29" mainViewID="F4735A8A-8C05-5702-2D6F-DB534A378D46">
<createdBy>HP</createdBy>
<createdTime>2025-09-13 07:00:12 UTC</createdTime>
<ownerDesignName>alonsoFALTALOSERRORESDELOSNOMBRES</ownerDesignName>
<shouldBeOpen>true</shouldBeOpen>
<selectedRDBMSSite>32076570-2523-435C-2E92-BF29817DFF70</selectedRDBMSSite>
</relationalModel>