<?xml version = '1.0' encoding = 'UTF-8'?>
<Entity class="oracle.dbtools.crest.model.design.logical.Entity" directorySegmentName="seg_0" id="011763EF-FEB5-19B5-8DE2-C47B533C0A8C" name="EXAMEN">
<createdBy>HP</createdBy>
<createdTime>2025-09-13 08:39:55 UTC</createdTime>
<ownerDesignName>Exp2_S5_Alonso_Basualdo</ownerDesignName>
<engineerTo>
<item key="A4320743-6D26-5BF5-DB8A-DA0110E44A29" value="true"/>
</engineerTo>
<adequatelyNormalized>NO</adequatelyNormalized>
<expectedVolumes>0</expectedVolumes>
<fwdEngineeringStrategyName>Single Table</fwdEngineeringStrategyName>
<growthPercent>0</growthPercent>
<growthType>Year</growthType>
<maxVolumes>9999999</maxVolumes>
<minVolumes>0</minVolumes>
<normalForm>Third</normalForm>
<attributes itemClass="oracle.dbtools.crest.model.design.logical.Attribute">
<Attribute name="id_examen" id="32209075-BE69-A704-B1DA-A5E63302E0B3">
<createdBy>HP</createdBy>
<createdTime>2025-09-13 09:01:28 UTC</createdTime>
<ownerDesignName>Exp2_S5_Alonso_Basualdo</ownerDesignName>
<engineerTo>
<item key="A4320743-6D26-5BF5-DB8A-DA0110E44A29" value="true"/>
</engineerTo>
<useDomainConstraints>false</useDomainConstraints>
<use>1</use>
<logicalDatatype>LOGDT011</logicalDatatype>
<ownDataTypeParameters>,,</ownDataTypeParameters>
</Attribute>
<Attribute name="codigo_examen" id="8F48F96C-66FB-DE0E-F613-2FA94412D327">
<createdBy>HP</createdBy>
<createdTime>2025-09-13 09:05:18 UTC</createdTime>
<ownerDesignName>Exp2_S5_Alonso_Basualdo</ownerDesignName>
<engineerTo>
<item key="A4320743-6D26-5BF5-DB8A-DA0110E44A29" value="true"/>
</engineerTo>
<useDomainConstraints>false</useDomainConstraints>
<use>1</use>
<logicalDatatype>LOGDT011</logicalDatatype>
<ownDataTypeParameters>,,</ownDataTypeParameters>
</Attribute>
<Attribute name="nombre_examen" id="137939B1-5E10-BA29-10A0-272F3F5D93BB">
<createdBy>HP</createdBy>
<createdTime>2025-09-13 09:06:48 UTC</createdTime>
<ownerDesignName>Exp2_S5_Alonso_Basualdo</ownerDesignName>
<engineerTo>
<item key="A4320743-6D26-5BF5-DB8A-DA0110E44A29" value="true"/>
</engineerTo>
<useDomainConstraints>false</useDomainConstraints>
<use>1</use>
<logicalDatatype>LOGDT024</logicalDatatype>
<dataTypeSize>50</dataTypeSize>
<ownDataTypeParameters>50,,</ownDataTypeParameters>
</Attribute>
</attributes>
<identifiers itemClass="oracle.dbtools.crest.model.design.logical.CandidateKey">
<identifier id="84C020FB-9DDC-B8A7-988F-7DC6F4C20604" name="EXAMEN PK">
<createdBy>HP</createdBy>
<createdTime>2025-09-13 09:01:57 UTC</createdTime>
<ownerDesignName>Exp2_S5_Alonso_Basualdo</ownerDesignName>
<shouldEngineer>false</shouldEngineer>
<engineerTo>
<item key="A4320743-6D26-5BF5-DB8A-DA0110E44A29" value="false"/>
</engineerTo>
<pk>true</pk>
<usedAttributes>
<attributeRef>32209075-BE69-A704-B1DA-A5E63302E0B3</attributeRef>
</usedAttributes>
</identifier>
</identifiers>
</Entity>