<?xml version = '1.0' encoding = 'UTF-8'?>
<Entity class="oracle.dbtools.crest.model.design.logical.Entity" directorySegmentName="seg_0" id="600A6EED-C28E-018F-EB09-027CA7CCE062" name="INSTITUCION_SALUD">
<createdBy>HP</createdBy>
<createdTime>2025-09-13 07:40:40 UTC</createdTime>
<ownerDesignName>Exp2_S5_Alonso_Basualdo</ownerDesignName>
<engineerTo>
<item key="A4320743-6D26-5BF5-DB8A-DA0110E44A29" value="true"/>
</engineerTo>
<adequatelyNormalized>NO</adequatelyNormalized>
<expectedVolumes>0</expectedVolumes>
<fwdEngineeringStrategyName>Single Table</fwdEngineeringStrategyName>
<growthPercent>0</growthPercent>
<growthType>Year</growthType>
<maxVolumes>9999999</maxVolumes>
<minVolumes>0</minVolumes>
<normalForm>Third</normalForm>
<attributes itemClass="oracle.dbtools.crest.model.design.logical.Attribute">
<Attribute name="codigo_institucion" id="06E3BDCF-03C0-1143-6BE3-8A5E1523C667">
<createdBy>HP</createdBy>
<createdTime>2025-09-13 07:40:51 UTC</createdTime>
<ownerDesignName>Exp2_S5_Alonso_Basualdo</ownerDesignName>
<engineerTo>
<item key="A4320743-6D26-5BF5-DB8A-DA0110E44A29" value="true"/>
</engineerTo>
<useDomainConstraints>false</useDomainConstraints>
<use>1</use>
<logicalDatatype>LOGDT024</logicalDatatype>
<dataTypeSize>10</dataTypeSize>
<ownDataTypeParameters>10,,</ownDataTypeParameters>
</Attribute>
<Attribute name="nombre_institucion" id="45B54018-0CF4-65A5-F824-990423337062">
<createdBy>HP</createdBy>
<createdTime>2025-09-13 07:41:03 UTC</createdTime>
<ownerDesignName>Exp2_S5_Alonso_Basualdo</ownerDesignName>
<engineerTo>
<item key="A4320743-6D26-5BF5-DB8A-DA0110E44A29" value="true"/>
</engineerTo>
<useDomainConstraints>false</useDomainConstraints>
<use>1</use>
<logicalDatatype>LOGDT024</logicalDatatype>
<dataTypeSize>50</dataTypeSize>
<ownDataTypeParameters>50,,</ownDataTypeParameters>
</Attribute>
</attributes>
<identifiers itemClass="oracle.dbtools.crest.model.design.logical.CandidateKey">
<identifier id="BDF61EE7-485A-732E-3CC9-4C9115DBEC35" name="INSTITUCION_SALUD PK">
<createdBy>HP</createdBy>
<createdTime>2025-09-13 07:41:02 UTC</createdTime>
<ownerDesignName>Exp2_S5_Alonso_Basualdo</ownerDesignName>
<shouldEngineer>false</shouldEngineer>
<engineerTo>
<item key="A4320743-6D26-5BF5-DB8A-DA0110E44A29" value="false"/>
</engineerTo>
<pk>true</pk>
<usedAttributes>
<attributeRef>06E3BDCF-03C0-1143-6BE3-8A5E1523C667</attributeRef>
</usedAttributes>
</identifier>
</identifiers>
</Entity>