<?xml version = '1.0' encoding = 'UTF-8'?>
<Entity class="oracle.dbtools.crest.model.design.logical.Entity" directorySegmentName="seg_0" id="9AA0EC9E-2023-AB4E-6201-1B91FD129B8E" name="ATENCION_MEDICA">
<createdBy>HP</createdBy>
<createdTime>2025-09-13 07:30:41 UTC</createdTime>
<ownerDesignName>Exp2_S5_Alonso_Basualdo</ownerDesignName>
<engineerTo>
<item key="A4320743-6D26-5BF5-DB8A-DA0110E44A29" value="true"/>
</engineerTo>
<adequatelyNormalized>NO</adequatelyNormalized>
<expectedVolumes>0</expectedVolumes>
<fwdEngineeringStrategyName>Single Table</fwdEngineeringStrategyName>
<growthPercent>0</growthPercent>
<growthType>Year</growthType>
<maxVolumes>9999999</maxVolumes>
<minVolumes>0</minVolumes>
<normalForm>Third</normalForm>
<attributes itemClass="oracle.dbtools.crest.model.design.logical.Attribute">
<Attribute name="id_atencion" id="CE6156E4-B823-6857-9556-98F5CAE82C9C">
<createdBy>HP</createdBy>
<createdTime>2025-09-13 07:30:54 UTC</createdTime>
<ownerDesignName>Exp2_S5_Alonso_Basualdo</ownerDesignName>
<engineerTo>
<item key="A4320743-6D26-5BF5-DB8A-DA0110E44A29" value="true"/>
</engineerTo>
<useDomainConstraints>false</useDomainConstraints>
<use>1</use>
<logicalDatatype>LOGDT011</logicalDatatype>
<ownDataTypeParameters>,,</ownDataTypeParameters>
</Attribute>
<Attribute name="fecha_atencion" id="9F6617C2-4FED-9FC2-73F7-69BE8BC029BA">
<createdBy>HP</createdBy>
<createdTime>2025-09-13 07:33:46 UTC</createdTime>
<ownerDesignName>Exp2_S5_Alonso_Basualdo</ownerDesignName>
<engineerTo>
<item key="A4320743-6D26-5BF5-DB8A-DA0110E44A29" value="true"/>
</engineerTo>
<useDomainConstraints>false</useDomainConstraints>
<use>1</use>
<logicalDatatype>LOGDT007</logicalDatatype>
<ownDataTypeParameters>,,</ownDataTypeParameters>
</Attribute>
<Attribute name="tipo_atencion" id="F3742A70-9E03-A99E-ED18-4CD409942E75">
<createdBy>HP</createdBy>
<createdTime>2025-09-13 07:33:59 UTC</createdTime>
<ownerDesignName>Exp2_S5_Alonso_Basualdo</ownerDesignName>
<engineerTo>
<item key="A4320743-6D26-5BF5-DB8A-DA0110E44A29" value="true"/>
</engineerTo>
<useDomainConstraints>false</useDomainConstraints>
<use>1</use>
<logicalDatatype>LOGDT024</logicalDatatype>
<dataTypeSize>20</dataTypeSize>
<ownDataTypeParameters>20,,</ownDataTypeParameters>
</Attribute>
<Attribute name="rut_paciente" id="5394E5B8-8D99-1175-AE51-8EBA2DE4FE7E">
<createdBy>HP</createdBy>
<createdTime>2025-09-13 07:34:22 UTC</createdTime>
<ownerDesignName>Exp2_S5_Alonso_Basualdo</ownerDesignName>
<engineerTo>
<item key="A4320743-6D26-5BF5-DB8A-DA0110E44A29" value="true"/>
</engineerTo>
<useDomainConstraints>false</useDomainConstraints>
<use>1</use>
<logicalDatatype>LOGDT024</logicalDatatype>
<dataTypeSize>15</dataTypeSize>
<ownDataTypeParameters>15,,</ownDataTypeParameters>
</Attribute>
<Attribute name="rut_medico" id="416DE6F1-A8C3-1819-EAB9-A3ADCEB81BDA">
<createdBy>HP</createdBy>
<createdTime>2025-09-13 07:34:38 UTC</createdTime>
<ownerDesignName>Exp2_S5_Alonso_Basualdo</ownerDesignName>
<engineerTo>
<item key="A4320743-6D26-5BF5-DB8A-DA0110E44A29" value="true"/>
</engineerTo>
<useDomainConstraints>false</useDomainConstraints>
<use>1</use>
<logicalDatatype>LOGDT024</logicalDatatype>
<dataTypeSize>20</dataTypeSize>
<ownDataTypeParameters>20,,</ownDataTypeParameters>
</Attribute>
<Attribute name="monto_pagado" id="32B6FEEA-5150-A32F-77A4-6B21B4838E0E">
<createdBy>HP</createdBy>
<createdTime>2025-09-13 07:34:52 UTC</createdTime>
<ownerDesignName>Exp2_S5_Alonso_Basualdo</ownerDesignName>
<engineerTo>
<item key="A4320743-6D26-5BF5-DB8A-DA0110E44A29" value="true"/>
</engineerTo>
<useDomainConstraints>false</useDomainConstraints>
<use>1</use>
<logicalDatatype>LOGDT011</logicalDatatype>
<ownDataTypeParameters>,,</ownDataTypeParameters>
</Attribute>
<Attribute name="diagnostio" id="7C0E27E3-9E3E-BD10-5D1E-3B8A7E04275A">
<createdBy>HP</createdBy>
<createdTime>2025-09-13 07:35:09 UTC</createdTime>
<ownerDesignName>Exp2_S5_Alonso_Basualdo</ownerDesignName>
<engineerTo>
<item key="A4320743-6D26-5BF5-DB8A-DA0110E44A29" value="true"/>
</engineerTo>
<nullsAllowed>true</nullsAllowed>
<useDomainConstraints>false</useDomainConstraints>
<use>1</use>
<logicalDatatype>LOGDT024</logicalDatatype>
<dataTypeSize>255</dataTypeSize>
<ownDataTypeParameters>255,,</ownDataTypeParameters>
</Attribute>
<Attribute name="tipo_consulta" id="DA0E51B1-DC03-6EC1-DAD0-6FEB2DA970DC">
<createdBy>HP</createdBy>
<createdTime>2025-09-13 08:34:36 UTC</createdTime>
<ownerDesignName>Exp2_S5_Alonso_Basualdo</ownerDesignName>
<engineerTo>
<item key="A4320743-6D26-5BF5-DB8A-DA0110E44A29" value="true"/>
</engineerTo>
<useDomainConstraints>false</useDomainConstraints>
<use>1</use>
<logicalDatatype>LOGDT024</logicalDatatype>
<dataTypeSize>50</dataTypeSize>
<ownDataTypeParameters>50,,</ownDataTypeParameters>
</Attribute>
<Attribute name="observaciones" id="40795E9F-5EEC-CA07-F7D3-6F32CAB2A95D">
<createdBy>HP</createdBy>
<createdTime>2025-09-13 07:35:19 UTC</createdTime>
<ownerDesignName>Exp2_S5_Alonso_Basualdo</ownerDesignName>
<engineerTo>
<item key="A4320743-6D26-5BF5-DB8A-DA0110E44A29" value="true"/>
</engineerTo>
<nullsAllowed>true</nullsAllowed>
<useDomainConstraints>false</useDomainConstraints>
<use>1</use>
<logicalDatatype>LOGDT024</logicalDatatype>
<dataTypeSize>255</dataTypeSize>
<ownDataTypeParameters>255,,</ownDataTypeParameters>
</Attribute>
<Attribute name="rut_paciente1" id="3D381CA1-D4AE-E070-E172-C47E7649A066">
<createdBy>HP</createdBy>
<createdTime>2025-09-13 08:06:39 UTC</createdTime>
<generatorID>166CD0F1-3949-6838-A6C9-2398EE1E0CB9</generatorID>
<ownerDesignName>Exp2_S5_Alonso_Basualdo</ownerDesignName>
<engineerTo>
<item key="A4320743-6D26-5BF5-DB8A-DA0110E44A29" value="true"/>
</engineerTo>
<nullsAllowed>true</nullsAllowed>
<referedAttribute>9304EDDB-15A4-7269-B7B3-EBE78E27BFC2</referedAttribute>
<useDomainConstraints>false</useDomainConstraints>
<use>1</use>
<logicalDatatype>LOGDT024</logicalDatatype>
<dataTypeSize>15</dataTypeSize>
<ownDataTypeParameters>15,,</ownDataTypeParameters>
</Attribute>
<Attribute name="rut_medico1" id="7F8A2AB7-7FD7-E69C-8CA0-187B31B4C6CE">
<createdBy>HP</createdBy>
<createdTime>2025-09-13 08:07:00 UTC</createdTime>
<generatorID>91042A73-0EEF-8846-1022-C3BC59555937</generatorID>
<ownerDesignName>Exp2_S5_Alonso_Basualdo</ownerDesignName>
<engineerTo>
<item key="A4320743-6D26-5BF5-DB8A-DA0110E44A29" value="true"/>
</engineerTo>
<nullsAllowed>true</nullsAllowed>
<referedAttribute>250DA08C-01A8-8C47-C6D2-4B7CD5BEA231</referedAttribute>
<useDomainConstraints>false</useDomainConstraints>
<use>1</use>
<logicalDatatype>LOGDT024</logicalDatatype>
<dataTypeSize>15</dataTypeSize>
<ownDataTypeParameters>15,,</ownDataTypeParameters>
</Attribute>
<Attribute name="id_pago" id="636DD23D-D532-DAF0-E738-1A3A12601F17">
<createdBy>HP</createdBy>
<createdTime>2025-09-13 09:26:31 UTC</createdTime>
<generatorID>B8635E49-451A-5244-9240-2F1356164953</generatorID>
<ownerDesignName>Exp2_S5_Alonso_Basualdo</ownerDesignName>
<engineerTo>
<item key="A4320743-6D26-5BF5-DB8A-DA0110E44A29" value="true"/>
</engineerTo>
<referedAttribute>31C8A6BC-BA80-1E39-6C1A-475306D42821</referedAttribute>
<useDomainConstraints>false</useDomainConstraints>
<use>1</use>
<logicalDatatype>LOGDT011</logicalDatatype>
<ownDataTypeParameters>,,</ownDataTypeParameters>
</Attribute>
</attributes>
<identifiers itemClass="oracle.dbtools.crest.model.design.logical.CandidateKey">
<identifier id="E4F6C3DB-A105-6547-FCE2-CF55EE346182" name="ATENCION_MEDICA PK">
<createdBy>HP</createdBy>
<createdTime>2025-09-13 07:31:10 UTC</createdTime>
<ownerDesignName>Exp2_S5_Alonso_Basualdo</ownerDesignName>
<shouldEngineer>false</shouldEngineer>
<engineerTo>
<item key="A4320743-6D26-5BF5-DB8A-DA0110E44A29" value="false"/>
</engineerTo>
<pk>true</pk>
<usedAttributes>
<attributeRef>CE6156E4-B823-6857-9556-98F5CAE82C9C</attributeRef>
</usedAttributes>
</identifier>
</identifiers>
</Entity>