<?xml version = '1.0' encoding = 'UTF-8'?>
<Entity class="oracle.dbtools.crest.model.design.logical.Entity" directorySegmentName="seg_0" id="E5483C6E-CA66-EF61-DE23-294797A39EF6" name="MEDICO">
<createdBy>HP</createdBy>
<createdTime>2025-09-13 07:19:11 UTC</createdTime>
<ownerDesignName>Exp2_S5_Alonso_Basualdo</ownerDesignName>
<engineerTo>
<item key="A4320743-6D26-5BF5-DB8A-DA0110E44A29" value="true"/>
</engineerTo>
<adequatelyNormalized>NO</adequatelyNormalized>
<expectedVolumes>0</expectedVolumes>
<fwdEngineeringStrategyName>Single Table</fwdEngineeringStrategyName>
<growthPercent>0</growthPercent>
<growthType>Year</growthType>
<maxVolumes>9999999</maxVolumes>
<minVolumes>0</minVolumes>
<normalForm>Third</normalForm>
<attributes itemClass="oracle.dbtools.crest.model.design.logical.Attribute">
<Attribute name="rut_medico" id="250DA08C-01A8-8C47-C6D2-4B7CD5BEA231">
<createdBy>HP</createdBy>
<createdTime>2025-09-13 07:20:21 UTC</createdTime>
<ownerDesignName>Exp2_S5_Alonso_Basualdo</ownerDesignName>
<engineerTo>
<item key="A4320743-6D26-5BF5-DB8A-DA0110E44A29" value="true"/>
</engineerTo>
<useDomainConstraints>false</useDomainConstraints>
<use>1</use>
<logicalDatatype>LOGDT024</logicalDatatype>
<dataTypeSize>15</dataTypeSize>
<ownDataTypeParameters>15,,</ownDataTypeParameters>
</Attribute>
<Attribute name="nombre_medico" id="6B411CF4-BAAA-882A-3AF2-13EFC6A1EF2C">
<createdBy>HP</createdBy>
<createdTime>2025-09-13 07:20:38 UTC</createdTime>
<ownerDesignName>Exp2_S5_Alonso_Basualdo</ownerDesignName>
<engineerTo>
<item key="A4320743-6D26-5BF5-DB8A-DA0110E44A29" value="true"/>
</engineerTo>
<useDomainConstraints>false</useDomainConstraints>
<use>1</use>
<logicalDatatype>LOGDT024</logicalDatatype>
<dataTypeSize>50</dataTypeSize>
<ownDataTypeParameters>50,,</ownDataTypeParameters>
</Attribute>
<Attribute name="fecha_ingreso" id="473DEDA2-86FF-AB79-9077-C26129B58CB3">
<createdBy>HP</createdBy>
<createdTime>2025-09-13 07:26:33 UTC</createdTime>
<ownerDesignName>Exp2_S5_Alonso_Basualdo</ownerDesignName>
<engineerTo>
<item key="A4320743-6D26-5BF5-DB8A-DA0110E44A29" value="true"/>
</engineerTo>
<useDomainConstraints>false</useDomainConstraints>
<use>1</use>
<logicalDatatype>LOGDT007</logicalDatatype>
<ownDataTypeParameters>,,</ownDataTypeParameters>
</Attribute>
<Attribute name="especialidad" id="BFBEE468-14EF-92CD-CCA8-6D6A76E4224A">
<createdBy>HP</createdBy>
<createdTime>2025-09-13 07:26:49 UTC</createdTime>
<ownerDesignName>Exp2_S5_Alonso_Basualdo</ownerDesignName>
<engineerTo>
<item key="A4320743-6D26-5BF5-DB8A-DA0110E44A29" value="true"/>
</engineerTo>
<useDomainConstraints>false</useDomainConstraints>
<use>1</use>
<logicalDatatype>LOGDT011</logicalDatatype>
<ownDataTypeParameters>,,</ownDataTypeParameters>
</Attribute>
<Attribute name="afp" id="BB682710-F67A-15C9-1C9C-29ABBC27C9E3">
<createdBy>HP</createdBy>
<createdTime>2025-09-13 07:28:58 UTC</createdTime>
<ownerDesignName>Exp2_S5_Alonso_Basualdo</ownerDesignName>
<engineerTo>
<item key="A4320743-6D26-5BF5-DB8A-DA0110E44A29" value="true"/>
</engineerTo>
<useDomainConstraints>false</useDomainConstraints>
<use>1</use>
<logicalDatatype>LOGDT024</logicalDatatype>
<dataTypeSize>15</dataTypeSize>
<ownDataTypeParameters>15,,</ownDataTypeParameters>
</Attribute>
<Attribute name="cod_inst_salud" id="264960F7-7D82-E83D-3680-F16CC62BD0DA">
<createdBy>HP</createdBy>
<createdTime>2025-09-13 07:29:17 UTC</createdTime>
<ownerDesignName>Exp2_S5_Alonso_Basualdo</ownerDesignName>
<engineerTo>
<item key="A4320743-6D26-5BF5-DB8A-DA0110E44A29" value="true"/>
</engineerTo>
<useDomainConstraints>false</useDomainConstraints>
<use>1</use>
<logicalDatatype>LOGDT024</logicalDatatype>
<dataTypeSize>10</dataTypeSize>
<ownDataTypeParameters>10,,</ownDataTypeParameters>
</Attribute>
<Attribute name="contacto" id="7FA32C27-AB1D-4FC5-09CA-14815247D60E">
<createdBy>HP</createdBy>
<createdTime>2025-09-13 07:29:57 UTC</createdTime>
<ownerDesignName>Exp2_S5_Alonso_Basualdo</ownerDesignName>
<engineerTo>
<item key="A4320743-6D26-5BF5-DB8A-DA0110E44A29" value="true"/>
</engineerTo>
<nullsAllowed>true</nullsAllowed>
<useDomainConstraints>false</useDomainConstraints>
<use>1</use>
<logicalDatatype>LOGDT024</logicalDatatype>
<dataTypeSize>20</dataTypeSize>
<ownDataTypeParameters>20,,</ownDataTypeParameters>
</Attribute>
<Attribute name="rut_superv" id="D635DF54-D57C-0926-191B-80D9D8AEF2CC">
<createdBy>HP</createdBy>
<createdTime>2025-09-13 09:42:42 UTC</createdTime>
<ownerDesignName>Exp2_S5_Alonso_Basualdo</ownerDesignName>
<engineerTo>
<item key="A4320743-6D26-5BF5-DB8A-DA0110E44A29" value="true"/>
</engineerTo>
<nullsAllowed>true</nullsAllowed>
<useDomainConstraints>false</useDomainConstraints>
<use>1</use>
<logicalDatatype>LOGDT024</logicalDatatype>
<dataTypeSize>15</dataTypeSize>
<ownDataTypeParameters>15,,</ownDataTypeParameters>
</Attribute>
<Attribute name="email_medico" id="0E7CB346-F13A-3C3E-69CA-2DA7A6466524">
<createdBy>HP</createdBy>
<createdTime>2025-09-13 07:30:13 UTC</createdTime>
<ownerDesignName>Exp2_S5_Alonso_Basualdo</ownerDesignName>
<engineerTo>
<item key="A4320743-6D26-5BF5-DB8A-DA0110E44A29" value="true"/>
</engineerTo>
<nullsAllowed>true</nullsAllowed>
<useDomainConstraints>false</useDomainConstraints>
<use>1</use>
<logicalDatatype>LOGDT024</logicalDatatype>
<dataTypeSize>20</dataTypeSize>
<ownDataTypeParameters>20,,</ownDataTypeParameters>
</Attribute>
<Attribute name="codigo_institucion" id="7C47F1FA-E041-610C-9C87-372C722D2D70">
<createdBy>HP</createdBy>
<createdTime>2025-09-13 09:22:12 UTC</createdTime>
<generatorID>D8455850-95C1-5B4B-66A7-20B05D93D54D</generatorID>
<ownerDesignName>Exp2_S5_Alonso_Basualdo</ownerDesignName>
<engineerTo>
<item key="A4320743-6D26-5BF5-DB8A-DA0110E44A29" value="true"/>
</engineerTo>
<referedAttribute>06E3BDCF-03C0-1143-6BE3-8A5E1523C667</referedAttribute>
<useDomainConstraints>false</useDomainConstraints>
<use>1</use>
<logicalDatatype>LOGDT024</logicalDatatype>
<dataTypeSize>10</dataTypeSize>
<ownDataTypeParameters>,,</ownDataTypeParameters>
</Attribute>
<Attribute name="codigo_afp" id="47D1DF26-81E9-A9CD-0761-AC2C699ADE99">
<createdBy>HP</createdBy>
<createdTime>2025-09-13 09:23:15 UTC</createdTime>
<generatorID>CDC8CF6F-15CE-B4C8-201B-611E01DA9D1D</generatorID>
<ownerDesignName>Exp2_S5_Alonso_Basualdo</ownerDesignName>
<engineerTo>
<item key="A4320743-6D26-5BF5-DB8A-DA0110E44A29" value="true"/>
</engineerTo>
<referedAttribute>A00C7FB2-9EA5-CC78-CD78-E5294D5A3E97</referedAttribute>
<useDomainConstraints>false</useDomainConstraints>
<use>1</use>
<logicalDatatype>LOGDT024</logicalDatatype>
<dataTypeSize>20</dataTypeSize>
<ownDataTypeParameters>,,</ownDataTypeParameters>
</Attribute>
<Attribute name="id_especialidad" id="4452D6AB-9D2C-00A2-2D2E-BFDA22F8AE93">
<createdBy>HP</createdBy>
<createdTime>2025-09-13 09:25:46 UTC</createdTime>
<generatorID>90F4A7EB-17C2-0835-7B47-D5264DEAF91B</generatorID>
<ownerDesignName>Exp2_S5_Alonso_Basualdo</ownerDesignName>
<engineerTo>
<item key="A4320743-6D26-5BF5-DB8A-DA0110E44A29" value="true"/>
</engineerTo>
<referedAttribute>47191B11-683B-BC53-D032-F471C07953AB</referedAttribute>
<useDomainConstraints>false</useDomainConstraints>
<use>1</use>
<logicalDatatype>LOGDT011</logicalDatatype>
<ownDataTypeParameters>,,</ownDataTypeParameters>
</Attribute>
<Attribute name="rut_medico1" id="F2643A5F-92E6-E1D5-4CD2-517F13CD130F">
<createdBy>HP</createdBy>
<createdTime>2025-09-13 09:43:55 UTC</createdTime>
<generatorID>495FD4D0-B792-28A7-2C90-660AD65123B1</generatorID>
<ownerDesignName>Exp2_S5_Alonso_Basualdo</ownerDesignName>
<engineerTo>
<item key="A4320743-6D26-5BF5-DB8A-DA0110E44A29" value="true"/>
</engineerTo>
<referedAttribute>250DA08C-01A8-8C47-C6D2-4B7CD5BEA231</referedAttribute>
<useDomainConstraints>false</useDomainConstraints>
<use>1</use>
<logicalDatatype>LOGDT024</logicalDatatype>
<dataTypeSize>15</dataTypeSize>
<ownDataTypeParameters>15,,</ownDataTypeParameters>
</Attribute>
</attributes>
<identifiers itemClass="oracle.dbtools.crest.model.design.logical.CandidateKey">
<identifier id="3394D3AA-829C-31FA-317D-EE50058A5DDA" name="MEDICO PK">
<createdBy>HP</createdBy>
<createdTime>2025-09-13 07:20:36 UTC</createdTime>
<ownerDesignName>Exp2_S5_Alonso_Basualdo</ownerDesignName>
<shouldEngineer>false</shouldEngineer>
<engineerTo>
<item key="A4320743-6D26-5BF5-DB8A-DA0110E44A29" value="false"/>
</engineerTo>
<pk>true</pk>
<usedAttributes>
<attributeRef>250DA08C-01A8-8C47-C6D2-4B7CD5BEA231</attributeRef>
</usedAttributes>
</identifier>
</identifiers>
</Entity>