<?xml version = '1.0' encoding = 'UTF-8'?>
<Diagram class="oracle.dbtools.crest.swingui.relational.DPVRelational" name="Relational_1" id="F4735A8A-8C05-5702-2D6F-DB534A378D46">
<createdBy>HP</createdBy>
<modifiedBy>HP</modifiedBy>
<createdTime>2025-09-13 09:46:47 UTC</createdTime>
<autoRoute>false</autoRoute>
<boxInbox>true</boxInbox>
<showLegend>false</showLegend>
<showLabels>false</showLabels>
<showRelAttributes>false</showRelAttributes>
<gridEnabled>false</gridEnabled>
<showGrid>false</showGrid>
<diagramColor>-1</diagramColor>
<display>false</display>
<notation>1</notation>
<objectViews>
<OView class="oracle.dbtools.crest.swingui.relational.TVTable" oid="06772DC7-1012-CFC7-9B84-E06889F79EF1" otype="Table" vid="798E3039-46C3-729C-D822-D3A1D60BE0A2">
<hideElementsInCurrentOnly>false</hideElementsInCurrentOnly>
<bounds x="1198" y="506" width="201" height="133"/>
</OView>
<OView class="oracle.dbtools.crest.swingui.relational.TVTable" oid="1727951E-C6F7-F1A3-9E95-D3DDAA81256B" otype="Table" vid="9D36AC92-9B80-9A58-8994-49C30ED5C386">
<hideElementsInCurrentOnly>false</hideElementsInCurrentOnly>
<bounds x="523" y="497" width="271" height="161"/>
</OView>
<OView class="oracle.dbtools.crest.swingui.relational.TVTable" oid="1CBBCB32-9227-428D-7E93-67307CA9A2BD" otype="Table" vid="315C9133-7F43-96C3-BB44-9228F62E803C">
<hideElementsInCurrentOnly>false</hideElementsInCurrentOnly>
<bounds x="1325" y="36" width="339" height="275"/>
</OView>
<OView class="oracle.dbtools.crest.swingui.relational.TVTable" oid="24DF97C6-8B0D-64E6-0E63-6F72D15067C1" otype="Table" vid="6DF2A593-2266-C152-4455-146F28FDB174">
<hideElementsInCurrentOnly>false</hideElementsInCurrentOnly>
<bounds x="1864" y="117" width="247" height="139"/>
</OView>
<OView class="oracle.dbtools.crest.swingui.relational.TVTable" oid="29B79842-AB80-DE9B-6A02-71A6B875F841" otype="Table" vid="57AAB867-2A5B-9962-1251-725F7E2E215C">
<hideElementsInCurrentOnly>false</hideElementsInCurrentOnly>
<bounds x="1307" y="800" width="281" height="172"/>
</OView>
<OView class="oracle.dbtools.crest.swingui.relational.TVTable" oid="33D6B057-930C-74CA-BD42-A7767FB98CA2" otype="Table" vid="FFC228CE-B488-D6FF-DE1F-88E3D0303FCB">
<hideElementsInCurrentOnly>false</hideElementsInCurrentOnly>
<bounds x="155" y="797" width="203" height="119"/>
</OView>
<OView class="oracle.dbtools.crest.swingui.relational.TVTable" oid="40500ECA-F861-214A-DC8B-EA3226170FFB" otype="Table" vid="CB26959C-EAB4-538A-B04D-C670C62C020E">
<hideElementsInCurrentOnly>false</hideElementsInCurrentOnly>
<bounds x="893" y="694" width="242" height="177"/>
</OView>
<OView class="oracle.dbtools.crest.swingui.relational.TVTable" oid="55E47435-8039-5302-920D-AB9FF612D76D" otype="Table" vid="84068FEB-C004-9826-4263-354E009A7E00">
<hideElementsInCurrentOnly>false</hideElementsInCurrentOnly>
<bounds x="1887" y="807" width="227" height="147"/>
</OView>
<OView class="oracle.dbtools.crest.swingui.relational.TVTable" oid="63404768-E025-75E7-3B2A-B01BCBD8006B" otype="Table" vid="14902E17-33C7-E54F-DB9B-0A62FE816FB9">
<hideElementsInCurrentOnly>false</hideElementsInCurrentOnly>
<bounds x="700" y="15" width="399" height="310"/>
</OView>
<OView class="oracle.dbtools.crest.swingui.relational.TVTable" oid="74BE1445-9207-A07B-434A-2423041F1C40" otype="Table" vid="575EA33B-D2BE-F471-D4FA-49FE54C060FF">
<hideElementsInCurrentOnly>false</hideElementsInCurrentOnly>
<bounds x="106" y="56" width="280" height="209"/>
</OView>
<OView class="oracle.dbtools.crest.swingui.relational.TVTable" oid="A2B70DA7-7386-0742-DBCD-5B3F72C5275D" otype="Table" vid="FA2D5FDD-58C0-11F7-3211-70CE8B40C42D">
<hideElementsInCurrentOnly>false</hideElementsInCurrentOnly>
<bounds x="138" y="482" width="244" height="144"/>
</OView>
<OView class="oracle.dbtools.crest.swingui.relational.TVTable" oid="BF8AE741-35C3-E36B-B26C-0CA8B97D8585" otype="Table" vid="94B6BCE6-2181-C4DC-03E3-8D3793D955AE">
<hideElementsInCurrentOnly>false</hideElementsInCurrentOnly>
<bounds x="1511" y="492" width="284" height="112"/>
</OView>
<OView class="oracle.dbtools.crest.swingui.relational.TVTable" oid="F8C40BBE-6C60-3715-9AB0-E8BABFEAD91F" otype="Table" vid="82638901-2370-2F02-242F-364C8E47A4C6">
<hideElementsInCurrentOnly>false</hideElementsInCurrentOnly>
<bounds x="520" y="833" width="237" height="172"/>
</OView>
</objectViews>
<connectors>
<Connector class="oracle.dbtools.crest.swingui.relational.TVFKRelation" oid="07E6468D-500B-4415-2BE5-A5BCD1FB2893" otype="FKIndexAssociation" vid_source="84068FEB-C004-9826-4263-354E009A7E00" vid_target="57AAB867-2A5B-9962-1251-725F7E2E215C">
<hideElementsInCurrentOnly>false</hideElementsInCurrentOnly>
<backgroundColor>-16777216</backgroundColor>
<lineWidth>1</lineWidth>
<points>
<point x="1887" y="880"/>
<point x="1588" y="880"/>
</points>
</Connector>
<Connector class="oracle.dbtools.crest.swingui.relational.TVFKRelation" oid="207DBCD3-58DE-BBEC-E87F-0DFB96443D2C" otype="FKIndexAssociation" vid_source="315C9133-7F43-96C3-BB44-9228F62E803C" vid_target="315C9133-7F43-96C3-BB44-9228F62E803C">
<hideElementsInCurrentOnly>false</hideElementsInCurrentOnly>
<backgroundColor>-16777216</backgroundColor>
<lineWidth>1</lineWidth>
<points>
<point x="1631" y="311"/>
<point x="1631" y="381"/>
<point x="1793" y="385"/>
<point x="1794" y="244"/>
<point x="1664" y="244"/>
</points>
</Connector>
<Connector class="oracle.dbtools.crest.swingui.relational.TVFKRelation" oid="2CA1308B-8323-A8E5-69B7-DF274BAC1680" otype="FKIndexAssociation" vid_source="94B6BCE6-2181-C4DC-03E3-8D3793D955AE" vid_target="315C9133-7F43-96C3-BB44-9228F62E803C">
<hideElementsInCurrentOnly>false</hideElementsInCurrentOnly>
<backgroundColor>-16777216</backgroundColor>
<lineWidth>1</lineWidth>
<points>
<point x="1587" y="492"/>
<point x="1587" y="311"/>
</points>
</Connector>
<Connector class="oracle.dbtools.crest.swingui.relational.TVFKRelation" oid="314C0DE3-8405-70D0-825B-EE0F1B3D028B" otype="FKIndexAssociation" vid_source="315C9133-7F43-96C3-BB44-9228F62E803C" vid_target="57AAB867-2A5B-9962-1251-725F7E2E215C">
<hideElementsInCurrentOnly>false</hideElementsInCurrentOnly>
<backgroundColor>-16777216</backgroundColor>
<lineWidth>1</lineWidth>
<points>
<point x="1456" y="311"/>
<point x="1456" y="800"/>
</points>
</Connector>
<Connector class="oracle.dbtools.crest.swingui.relational.TVFKRelation" oid="3490B7C7-EAD0-BB35-44C1-A2C28308681E" otype="FKIndexAssociation" vid_source="FFC228CE-B488-D6FF-DE1F-88E3D0303FCB" vid_target="FA2D5FDD-58C0-11F7-3211-70CE8B40C42D">
<hideElementsInCurrentOnly>false</hideElementsInCurrentOnly>
<backgroundColor>-16777216</backgroundColor>
<lineWidth>1</lineWidth>
<points>
<point x="256" y="797"/>
<point x="256" y="626"/>
</points>
</Connector>
<Connector class="oracle.dbtools.crest.swingui.relational.TVFKRelation" oid="88075FDD-9099-219A-19D8-FFB51A3B3C1F" otype="FKIndexAssociation" vid_source="14902E17-33C7-E54F-DB9B-0A62FE816FB9" vid_target="9D36AC92-9B80-9A58-8994-49C30ED5C386">
<hideElementsInCurrentOnly>false</hideElementsInCurrentOnly>
<backgroundColor>-16777216</backgroundColor>
<lineWidth>1</lineWidth>
<points>
<point x="747" y="325"/>
<point x="747" y="497"/>
</points>
</Connector>
<Connector class="oracle.dbtools.crest.swingui.relational.TVFKRelation" oid="A9627BB5-DB73-4F8D-1B70-84A0762B0445" otype="FKIndexAssociation" vid_source="CB26959C-EAB4-538A-B04D-C670C62C020E" vid_target="14902E17-33C7-E54F-DB9B-0A62FE816FB9">
<hideElementsInCurrentOnly>false</hideElementsInCurrentOnly>
<backgroundColor>-16777216</backgroundColor>
<lineWidth>1</lineWidth>
<points>
<point x="981" y="694"/>
<point x="981" y="325"/>
</points>
</Connector>
<Connector class="oracle.dbtools.crest.swingui.relational.TVFKRelation" oid="AC34F9A6-0217-784E-B7D3-8D1141782BA1" otype="FKIndexAssociation" vid_source="575EA33B-D2BE-F471-D4FA-49FE54C060FF" vid_target="14902E17-33C7-E54F-DB9B-0A62FE816FB9">
<hideElementsInCurrentOnly>false</hideElementsInCurrentOnly>
<backgroundColor>-16777216</backgroundColor>
<lineWidth>1</lineWidth>
<points>
<point x="386" y="160"/>
<point x="700" y="160"/>
</points>
</Connector>
<Connector class="oracle.dbtools.crest.swingui.relational.TVFKRelation" oid="AF812880-2A6D-B669-B76D-43B889C6BAB1" otype="FKIndexAssociation" vid_source="82638901-2370-2F02-242F-364C8E47A4C6" vid_target="9D36AC92-9B80-9A58-8994-49C30ED5C386">
<hideElementsInCurrentOnly>false</hideElementsInCurrentOnly>
<backgroundColor>-16777216</backgroundColor>
<lineWidth>1</lineWidth>
<points>
<point x="640" y="833"/>
<point x="640" y="658"/>
</points>
</Connector>
<Connector class="oracle.dbtools.crest.swingui.relational.TVFKRelation" oid="DF0DA8E9-4101-D366-28A6-ED9F3E7E0730" otype="FKIndexAssociation" vid_source="6DF2A593-2266-C152-4455-146F28FDB174" vid_target="315C9133-7F43-96C3-BB44-9228F62E803C">
<hideElementsInCurrentOnly>false</hideElementsInCurrentOnly>
<backgroundColor>-16777216</backgroundColor>
<lineWidth>1</lineWidth>
<points>
<point x="1864" y="186"/>
<point x="1664" y="186"/>
</points>
</Connector>
<Connector class="oracle.dbtools.crest.swingui.relational.TVFKRelation" oid="EB589174-FC97-07A1-7F3C-52DA56C39BED" otype="FKIndexAssociation" vid_source="315C9133-7F43-96C3-BB44-9228F62E803C" vid_target="14902E17-33C7-E54F-DB9B-0A62FE816FB9">
<hideElementsInCurrentOnly>false</hideElementsInCurrentOnly>
<backgroundColor>-16777216</backgroundColor>
<lineWidth>1</lineWidth>
<points>
<point x="1325" y="173"/>
<point x="1099" y="173"/>
</points>
</Connector>
<Connector class="oracle.dbtools.crest.swingui.relational.TVFKRelation" oid="F4FD23BB-2122-4DAB-A87F-E65FBCAB4A20" otype="FKIndexAssociation" vid_source="FA2D5FDD-58C0-11F7-3211-70CE8B40C42D" vid_target="575EA33B-D2BE-F471-D4FA-49FE54C060FF">
<hideElementsInCurrentOnly>false</hideElementsInCurrentOnly>
<backgroundColor>-16777216</backgroundColor>
<lineWidth>1</lineWidth>
<points>
<point x="260" y="482"/>
<point x="260" y="265"/>
</points>
</Connector>
<Connector class="oracle.dbtools.crest.swingui.relational.TVFKRelation" oid="F827F8A6-4DB5-B120-5A32-FF35D92A09AE" otype="FKIndexAssociation" vid_source="798E3039-46C3-729C-D822-D3A1D60BE0A2" vid_target="315C9133-7F43-96C3-BB44-9228F62E803C">
<hideElementsInCurrentOnly>false</hideElementsInCurrentOnly>
<backgroundColor>-16777216</backgroundColor>
<lineWidth>1</lineWidth>
<points>
<point x="1362" y="506"/>
<point x="1362" y="311"/>
</points>
</Connector>
</connectors>
</Diagram>