<?xml version = '1.0' encoding = 'UTF-8'?>
<Relation class="oracle.dbtools.crest.model.design.logical.Relation" name="unidadatencion_medicounidadatencion" directorySegmentName="seg_0" id="112F46A2-8DFA-D4FF-4390-DA3E3E56A32A">
<createdBy>HP</createdBy>
<createdTime>2025-09-13 09:12:07 UTC</createdTime>
<ownerDesignName>Exp2_S5_Alonso_Basualdo</ownerDesignName>
<engineerTo>
<item key="A4320743-6D26-5BF5-DB8A-DA0110E44A29" value="true"/>
</engineerTo>
<sourcePk>7A62B835-C81D-80AC-E10B-4B250536D79B</sourcePk>
<identifying>false</identifying>
<optionalSource>false</optionalSource>
<optionalTarget>true</optionalTarget>
<sourceCardinality>1</sourceCardinality>
<sourceEntity>C3940981-7539-6060-9343-C1FF73383352</sourceEntity>
<targetCardinalityString>*</targetCardinalityString>
<targetEntity>032F4C72-B295-4F72-AD99-11BC4BEC13C6</targetEntity>
<transferable>true</transferable>
<deleteRule>NO ACTION</deleteRule>
</Relation>