<?xml version = '1.0' encoding = 'UTF-8'?>
<Relation class="oracle.dbtools.crest.model.design.logical.Relation" name="paciente_comuna" directorySegmentName="seg_0" id="158BC5C1-23BC-85F0-47C0-BD18E895B492">
<createdBy>HP</createdBy>
<createdTime>2025-09-13 08:08:04 UTC</createdTime>
<ownerDesignName>Exp2_S5_Alonso_Basualdo</ownerDesignName>
<engineerTo>
<item key="A4320743-6D26-5BF5-DB8A-DA0110E44A29" value="true"/>
</engineerTo>
<sourcePk>E11F1888-20A5-A71A-1C50-B1E18EB6BF5B</sourcePk>
<targetPk>9B135A9A-0BD4-7785-C204-A002D37E18AA</targetPk>
<identifying>false</identifying>
<optionalSource>true</optionalSource>
<optionalTarget>false</optionalTarget>
<sourceCardinality>*</sourceCardinality>
<sourceEntity>A61E8E5F-99E1-6A5C-D34A-1EA821EB06A2</sourceEntity>
<targetCardinalityString>1</targetCardinalityString>
<targetEntity>12930153-211D-860D-8566-75BEC6631BC9</targetEntity>
<transferable>true</transferable>
<deleteRule>NO ACTION</deleteRule>
</Relation>