<?xml version = '1.0' encoding = 'UTF-8'?>
<Relation class="oracle.dbtools.crest.model.design.logical.Relation" name="paciente_atencion" directorySegmentName="seg_0" id="166CD0F1-3949-6838-A6C9-2398EE1E0CB9">
<createdBy>HP</createdBy>
<createdTime>2025-09-13 08:06:39 UTC</createdTime>
<ownerDesignName>Exp2_S5_Alonso_Basualdo</ownerDesignName>
<engineerTo>
<item key="A4320743-6D26-5BF5-DB8A-DA0110E44A29" value="true"/>
</engineerTo>
<sourcePk>E11F1888-20A5-A71A-1C50-B1E18EB6BF5B</sourcePk>
<identifying>false</identifying>
<optionalSource>false</optionalSource>
<optionalTarget>true</optionalTarget>
<sourceCardinality>1</sourceCardinality>
<sourceEntity>A61E8E5F-99E1-6A5C-D34A-1EA821EB06A2</sourceEntity>
<targetCardinalityString>*</targetCardinalityString>
<targetEntity>9AA0EC9E-2023-AB4E-6201-1B91FD129B8E</targetEntity>
<transferable>true</transferable>
<deleteRule>NO ACTION</deleteRule>
</Relation>