<?xml version = '1.0' encoding = 'UTF-8'?>
<Relation class="oracle.dbtools.crest.model.design.logical.Relation" name="medico-medicosupervisor" directorySegmentName="seg_0" id="495FD4D0-B792-28A7-2C90-660AD65123B1">
<createdBy>HP</createdBy>
<createdTime>2025-09-13 09:43:55 UTC</createdTime>
<ownerDesignName>Exp2_S5_Alonso_Basualdo</ownerDesignName>
<engineerTo>
<item key="A4320743-6D26-5BF5-DB8A-DA0110E44A29" value="true"/>
</engineerTo>
<targetPk>3394D3AA-829C-31FA-317D-EE50058A5DDA</targetPk>
<identifying>false</identifying>
<optionalSource>false</optionalSource>
<optionalTarget>true</optionalTarget>
<sourceCardinality>1</sourceCardinality>
<sourceEntity>E5483C6E-CA66-EF61-DE23-294797A39EF6</sourceEntity>
<targetCardinalityString>*</targetCardinalityString>
<targetEntity>E5483C6E-CA66-EF61-DE23-294797A39EF6</targetEntity>
<transferable>true</transferable>
<deleteRule>NO ACTION</deleteRule>
</Relation>