<?xml version = '1.0' encoding = 'UTF-8'?>
<Relation class="oracle.dbtools.crest.model.design.logical.Relation" name="comuna_region" directorySegmentName="seg_0" id="54739B90-2A4B-28EC-E127-D3B3C7EB7EF3">
<createdBy>HP</createdBy>
<createdTime>2025-09-13 08:08:20 UTC</createdTime>
<ownerDesignName>Exp2_S5_Alonso_Basualdo</ownerDesignName>
<engineerTo>
<item key="A4320743-6D26-5BF5-DB8A-DA0110E44A29" value="true"/>
</engineerTo>
<sourcePk>9B135A9A-0BD4-7785-C204-A002D37E18AA</sourcePk>
<targetPk>86B569DE-4817-BC10-A0A4-2AEF0C497DEF</targetPk>
<identifying>false</identifying>
<optionalSource>true</optionalSource>
<optionalTarget>true</optionalTarget>
<sourceCardinality>*</sourceCardinality>
<sourceEntity>12930153-211D-860D-8566-75BEC6631BC9</sourceEntity>
<targetCardinalityString>1</targetCardinalityString>
<targetEntity>47C99003-4CF6-A9C1-965E-16E73434A5C8</targetEntity>
<transferable>true</transferable>
<deleteRule>NO ACTION</deleteRule>
</Relation>