<?xml version = '1.0' encoding = 'UTF-8'?>
<Relation class="oracle.dbtools.crest.model.design.logical.Relation" name="medico_especialidad" directorySegmentName="seg_0" id="90F4A7EB-17C2-0835-7B47-D5264DEAF91B">
<createdBy>HP</createdBy>
<createdTime>2025-09-13 08:07:41 UTC</createdTime>
<ownerDesignName>Exp2_S5_Alonso_Basualdo</ownerDesignName>
<engineerTo>
<item key="A4320743-6D26-5BF5-DB8A-DA0110E44A29" value="true"/>
</engineerTo>
<sourcePk>3394D3AA-829C-31FA-317D-EE50058A5DDA</sourcePk>
<targetPk>DD7A36D0-8D87-BC8C-3E75-A94A0A0E9D89</targetPk>
<identifying>false</identifying>
<optionalSource>false</optionalSource>
<optionalTarget>false</optionalTarget>
<sourceCardinality>*</sourceCardinality>
<sourceEntity>E5483C6E-CA66-EF61-DE23-294797A39EF6</sourceEntity>
<targetCardinalityString>1</targetCardinalityString>
<targetEntity>DCCC4DCD-89CE-359E-F400-2EE626FD66E3</targetEntity>
<transferable>true</transferable>
<deleteRule>NO ACTION</deleteRule>
</Relation>