<?xml version = '1.0' encoding = 'UTF-8'?>
<Relation class="oracle.dbtools.crest.model.design.logical.Relation" name="medico-atencion" directorySegmentName="seg_0" id="91042A73-0EEF-8846-1022-C3BC59555937">
<createdBy>HP</createdBy>
<createdTime>2025-09-13 08:07:00 UTC</createdTime>
<ownerDesignName>Exp2_S5_Alonso_Basualdo</ownerDesignName>
<engineerTo>
<item key="A4320743-6D26-5BF5-DB8A-DA0110E44A29" value="true"/>
</engineerTo>
<sourcePk>3394D3AA-829C-31FA-317D-EE50058A5DDA</sourcePk>
<identifying>false</identifying>
<optionalSource>false</optionalSource>
<optionalTarget>true</optionalTarget>
<sourceCardinality>1</sourceCardinality>
<sourceEntity>E5483C6E-CA66-EF61-DE23-294797A39EF6</sourceEntity>
<targetCardinalityString>*</targetCardinalityString>
<targetEntity>9AA0EC9E-2023-AB4E-6201-1B91FD129B8E</targetEntity>
<transferable>true</transferable>
<deleteRule>NO ACTION</deleteRule>
</Relation>