<?xml version = '1.0' encoding = 'UTF-8'?>
<Relation class="oracle.dbtools.crest.model.design.logical.Relation" name="atencionmedica_atencionexamen" directorySegmentName="seg_0" id="9B8624C5-0885-A4F7-09A4-6F10BDC71166">
<createdBy>HP</createdBy>
<createdTime>2025-09-13 09:14:04 UTC</createdTime>
<ownerDesignName>Exp2_S5_Alonso_Basualdo</ownerDesignName>
<engineerTo>
<item key="A4320743-6D26-5BF5-DB8A-DA0110E44A29" value="true"/>
</engineerTo>
<sourcePk>E4F6C3DB-A105-6547-FCE2-CF55EE346182</sourcePk>
<identifying>false</identifying>
<optionalSource>false</optionalSource>
<optionalTarget>true</optionalTarget>
<sourceCardinality>1</sourceCardinality>
<sourceEntity>9AA0EC9E-2023-AB4E-6201-1B91FD129B8E</sourceEntity>
<targetCardinalityString>*</targetCardinalityString>
<targetEntity>125CEE8B-6DA2-C3E2-4332-35D1918249FC</targetEntity>
<transferable>true</transferable>
<deleteRule>NO ACTION</deleteRule>
</Relation>