<?xml version = '1.0' encoding = 'UTF-8'?>
<Relation class="oracle.dbtools.crest.model.design.logical.Relation" name="atencion_pago" directorySegmentName="seg_0" id="B8635E49-451A-5244-9240-2F1356164953">
<createdBy>HP</createdBy>
<createdTime>2025-09-13 08:07:25 UTC</createdTime>
<ownerDesignName>Exp2_S5_Alonso_Basualdo</ownerDesignName>
<engineerTo>
<item key="A4320743-6D26-5BF5-DB8A-DA0110E44A29" value="true"/>
</engineerTo>
<sourcePk>E4F6C3DB-A105-6547-FCE2-CF55EE346182</sourcePk>
<targetPk>2CDE3E6D-35C6-5B36-8AD9-E851E808CFA1</targetPk>
<identifying>false</identifying>
<optionalSource>false</optionalSource>
<optionalTarget>false</optionalTarget>
<sourceCardinality>1</sourceCardinality>
<sourceEntity>9AA0EC9E-2023-AB4E-6201-1B91FD129B8E</sourceEntity>
<targetCardinalityString>1</targetCardinalityString>
<targetEntity>981C8B9A-3924-ABD6-1E89-99D8CAA91A62</targetEntity>
<transferable>true</transferable>
<deleteRule>NO ACTION</deleteRule>
</Relation>