<?xml version = '1.0' encoding = 'UTF-8'?>
<Relation class="oracle.dbtools.crest.model.design.logical.Relation" name="medico_afp" directorySegmentName="seg_0" id="CDC8CF6F-15CE-B4C8-201B-611E01DA9D1D">
<createdBy>HP</createdBy>
<createdTime>2025-09-13 08:08:36 UTC</createdTime>
<ownerDesignName>Exp2_S5_Alonso_Basualdo</ownerDesignName>
<engineerTo>
<item key="A4320743-6D26-5BF5-DB8A-DA0110E44A29" value="true"/>
</engineerTo>
<sourcePk>3394D3AA-829C-31FA-317D-EE50058A5DDA</sourcePk>
<targetPk>3FCC8DE9-B66E-3BEE-9AB6-C2F62FD0D726</targetPk>
<identifying>false</identifying>
<optionalSource>false</optionalSource>
<optionalTarget>false</optionalTarget>
<sourceCardinality>*</sourceCardinality>
<sourceEntity>E5483C6E-CA66-EF61-DE23-294797A39EF6</sourceEntity>
<targetCardinalityString>1</targetCardinalityString>
<targetEntity>AD999827-69AC-9F91-8952-13DBED013A41</targetEntity>
<transferable>true</transferable>
<deleteRule>NO ACTION</deleteRule>
</Relation>