<?xml version = '1.0' encoding = 'UTF-8'?>
<Relation class="oracle.dbtools.crest.model.design.logical.Relation" name="medico_institucion" directorySegmentName="seg_0" id="D8455850-95C1-5B4B-66A7-20B05D93D54D">
<createdBy>HP</createdBy>
<createdTime>2025-09-13 08:08:52 UTC</createdTime>
<ownerDesignName>Exp2_S5_Alonso_Basualdo</ownerDesignName>
<engineerTo>
<item key="A4320743-6D26-5BF5-DB8A-DA0110E44A29" value="true"/>
</engineerTo>
<sourcePk>3394D3AA-829C-31FA-317D-EE50058A5DDA</sourcePk>
<targetPk>BDF61EE7-485A-732E-3CC9-4C9115DBEC35</targetPk>
<identifying>false</identifying>
<optionalSource>false</optionalSource>
<optionalTarget>false</optionalTarget>
<sourceCardinality>*</sourceCardinality>
<sourceEntity>E5483C6E-CA66-EF61-DE23-294797A39EF6</sourceEntity>
<targetCardinalityString>1</targetCardinalityString>
<targetEntity>600A6EED-C28E-018F-EB09-027CA7CCE062</targetEntity>
<transferable>true</transferable>
<deleteRule>NO ACTION</deleteRule>
</Relation>