<?xml version = '1.0' encoding = 'UTF-8'?>
<Relation class="oracle.dbtools.crest.model.design.logical.Relation" name="examen_atencionexamen" directorySegmentName="seg_0" id="E11258A0-8C18-A156-745F-7769E889FA46">
<createdBy>HP</createdBy>
<createdTime>2025-09-13 09:14:43 UTC</createdTime>
<ownerDesignName>Exp2_S5_Alonso_Basualdo</ownerDesignName>
<engineerTo>
<item key="A4320743-6D26-5BF5-DB8A-DA0110E44A29" value="true"/>
</engineerTo>
<sourcePk>84C020FB-9DDC-B8A7-988F-7DC6F4C20604</sourcePk>
<identifying>false</identifying>
<optionalSource>false</optionalSource>
<optionalTarget>true</optionalTarget>
<sourceCardinality>1</sourceCardinality>
<sourceEntity>011763EF-FEB5-19B5-8DE2-C47B533C0A8C</sourceEntity>
<targetCardinalityString>*</targetCardinalityString>
<targetEntity>125CEE8B-6DA2-C3E2-4332-35D1918249FC</targetEntity>
<transferable>true</transferable>
<deleteRule>NO ACTION</deleteRule>
</Relation>