<?xml version = '1.0' encoding = 'UTF-8'?>
<Table class="oracle.dbtools.crest.model.design.relational.Table" directorySegmentName="seg_0" id="1727951E-C6F7-F1A3-9E95-D3DDAA81256B" name="ATENCION_EXAMEN">
<createdBy>HP</createdBy>
<createdTime>2025-09-13 09:46:47 UTC</createdTime>
<generatorID>125CEE8B-6DA2-C3E2-4332-35D1918249FC</generatorID>
<ownerDesignName>Exp2_S5_Alonso_Basualdo</ownerDesignName>
<allowColumnReorder>false</allowColumnReorder>
<existDependencyGenerateInDDl>true</existDependencyGenerateInDDl>
<parsed>true</parsed>
<columns itemClass="oracle.dbtools.crest.model.design.relational.Column">
<Column name="id_atencion" id="64EB79A1-A798-B434-C69D-EA9DDAEB9064">
<createdBy>HP</createdBy>
<createdTime>2025-09-13 09:46:47 UTC</createdTime>
<generatorID>D9C0EF42-FE59-F321-EE1E-8A14D7A7D22E</generatorID>
<ownerDesignName>Exp2_S5_Alonso_Basualdo</ownerDesignName>
<useDomainConstraints>false</useDomainConstraints>
<use>1</use>
<logicalDatatype>LOGDT011</logicalDatatype>
<ownDataTypeParameters>,,</ownDataTypeParameters>
<autoIncrementCycle>false</autoIncrementCycle>
</Column>
<Column name="id_examen" id="D8C0D540-6697-F591-0211-FA13D75E19AD">
<createdBy>HP</createdBy>
<createdTime>2025-09-13 09:46:47 UTC</createdTime>
<generatorID>55886423-0D4A-698A-1017-F8D0E3089DF1</generatorID>
<ownerDesignName>Exp2_S5_Alonso_Basualdo</ownerDesignName>
<useDomainConstraints>false</useDomainConstraints>
<use>1</use>
<logicalDatatype>LOGDT011</logicalDatatype>
<ownDataTypeParameters>,,</ownDataTypeParameters>
<autoIncrementCycle>false</autoIncrementCycle>
</Column>
<Column name="ATEN_med_id_aten" id="9948EA82-7BFD-E767-BED7-702ADC2510DE">
<createdBy>HP</createdBy>
<createdTime>2025-09-13 09:46:47 UTC</createdTime>
<generatorID>8E700403-D254-4C1C-3913-7A608EE603C9</generatorID>
<ownerDesignName>Exp2_S5_Alonso_Basualdo</ownerDesignName>
<nullsAllowed>true</nullsAllowed>
<useDomainConstraints>false</useDomainConstraints>
<use>1</use>
<logicalDatatype>LOGDT011</logicalDatatype>
<ownDataTypeParameters>,,</ownDataTypeParameters>
<previousColumn>false</previousColumn>
<autoIncrementCycle>false</autoIncrementCycle>
<associations>
<colAssociation fkAssociation="88075FDD-9099-219A-19D8-FFB51A3B3C1F" referredColumn="91AB23F1-A203-3E83-BEAF-F6492A6EEB54"/>
</associations>
</Column>
<Column name="EXAMEN_id_examen" id="60ABFC77-BC22-A0B0-5B46-F94EAC4B7DA4">
<createdBy>HP</createdBy>
<createdTime>2025-09-13 09:46:47 UTC</createdTime>
<generatorID>C74D7520-3C5C-D8D9-F1FA-BCEBA1F2C1FE</generatorID>
<ownerDesignName>Exp2_S5_Alonso_Basualdo</ownerDesignName>
<nullsAllowed>true</nullsAllowed>
<useDomainConstraints>false</useDomainConstraints>
<use>1</use>
<logicalDatatype>LOGDT011</logicalDatatype>
<ownDataTypeParameters>,,</ownDataTypeParameters>
<previousColumn>false</previousColumn>
<autoIncrementCycle>false</autoIncrementCycle>
<associations>
<colAssociation fkAssociation="AF812880-2A6D-B669-B76D-43B889C6BAB1" referredColumn="12D62662-7D79-C005-AF28-02F455917E79"/>
</associations>
</Column>
</columns>
<indexes itemClass="oracle.dbtools.crest.model.design.relational.Index">
<ind_PK_UK id="D351EE55-4311-E883-5A2F-FDEF798C90AD" name="ATEN_EXA_ATEN_MEDICA_FK">
<createdBy>HP</createdBy>
<createdTime>2025-09-13 09:46:47 UTC</createdTime>
<generatorID>9B8624C5-0885-A4F7-09A4-6F10BDC71166</generatorID>
<ownerDesignName>Exp2_S5_Alonso_Basualdo</ownerDesignName>
<indexState>Foreign Key</indexState>
<isSurrogateKey>false</isSurrogateKey>
<indexColumnUsage>
<colUsage columnID="9948EA82-7BFD-E767-BED7-702ADC2510DE"/>
</indexColumnUsage>
</ind_PK_UK>
<ind_PK_UK id="B5EA1900-7495-330F-E2F6-6B5EAB5F2054" name="ATEN_EXA_EXA_FK">
<createdBy>HP</createdBy>
<createdTime>2025-09-13 09:46:47 UTC</createdTime>
<generatorID>E11258A0-8C18-A156-745F-7769E889FA46</generatorID>
<ownerDesignName>Exp2_S5_Alonso_Basualdo</ownerDesignName>
<indexState>Foreign Key</indexState>
<isSurrogateKey>false</isSurrogateKey>
<indexColumnUsage>
<colUsage columnID="60ABFC77-BC22-A0B0-5B46-F94EAC4B7DA4"/>
</indexColumnUsage>
</ind_PK_UK>
</indexes>
</Table>