<?xml version = '1.0' encoding = 'UTF-8'?>
<Table class="oracle.dbtools.crest.model.design.relational.Table" directorySegmentName="seg_0" id="24DF97C6-8B0D-64E6-0E63-6F72D15067C1" name="INSTITUCION_SALUD">
<createdBy>HP</createdBy>
<createdTime>2025-09-13 09:46:47 UTC</createdTime>
<generatorID>600A6EED-C28E-018F-EB09-027CA7CCE062</generatorID>
<ownerDesignName>Exp2_S5_Alonso_Basualdo</ownerDesignName>
<allowColumnReorder>false</allowColumnReorder>
<existDependencyGenerateInDDl>true</existDependencyGenerateInDDl>
<parsed>true</parsed>
<columns itemClass="oracle.dbtools.crest.model.design.relational.Column">
<Column name="codigo_institucion" id="EE4568B6-BBB7-A7BD-0F9E-9B1AFD40E0BE">
<createdBy>HP</createdBy>
<createdTime>2025-09-13 09:46:47 UTC</createdTime>
<generatorID>06E3BDCF-03C0-1143-6BE3-8A5E1523C667</generatorID>
<ownerDesignName>Exp2_S5_Alonso_Basualdo</ownerDesignName>
<useDomainConstraints>false</useDomainConstraints>
<use>1</use>
<logicalDatatype>LOGDT024</logicalDatatype>
<dataTypeSize>10</dataTypeSize>
<ownDataTypeParameters>10,,</ownDataTypeParameters>
<autoIncrementCycle>false</autoIncrementCycle>
</Column>
<Column name="nombre_institucion" id="1D0F8A02-A96F-B199-E77F-D6276EBA2E56">
<createdBy>HP</createdBy>
<createdTime>2025-09-13 09:46:47 UTC</createdTime>
<generatorID>45B54018-0CF4-65A5-F824-990423337062</generatorID>
<ownerDesignName>Exp2_S5_Alonso_Basualdo</ownerDesignName>
<useDomainConstraints>false</useDomainConstraints>
<use>1</use>
<logicalDatatype>LOGDT024</logicalDatatype>
<dataTypeSize>50</dataTypeSize>
<ownDataTypeParameters>50,,</ownDataTypeParameters>
<autoIncrementCycle>false</autoIncrementCycle>
</Column>
</columns>
<indexes itemClass="oracle.dbtools.crest.model.design.relational.Index">
<ind_PK_UK id="3B1FCC1B-6F96-4CAE-CE8E-FD9A62BBBDCF" name="INSTITUCION_SALUD_PK">
<createdBy>HP</createdBy>
<createdTime>2025-09-13 09:46:47 UTC</createdTime>
<generatorID>BDF61EE7-485A-732E-3CC9-4C9115DBEC35</generatorID>
<ownerDesignName>Exp2_S5_Alonso_Basualdo</ownerDesignName>
<pk>true</pk>
<indexState>Primary Constraint</indexState>
<isSurrogateKey>false</isSurrogateKey>
<indexColumnUsage>
<colUsage columnID="EE4568B6-BBB7-A7BD-0F9E-9B1AFD40E0BE"/>
</indexColumnUsage>
</ind_PK_UK>
</indexes>
</Table>