<?xml version = '1.0' encoding = 'UTF-8'?>
<Table class="oracle.dbtools.crest.model.design.relational.Table" directorySegmentName="seg_0" id="29B79842-AB80-DE9B-6A02-71A6B875F841" name="MEDICO_UNIDAD_ATENCION">
<createdBy>HP</createdBy>
<createdTime>2025-09-13 09:46:47 UTC</createdTime>
<generatorID>032F4C72-B295-4F72-AD99-11BC4BEC13C6</generatorID>
<ownerDesignName>Exp2_S5_Alonso_Basualdo</ownerDesignName>
<allowColumnReorder>false</allowColumnReorder>
<existDependencyGenerateInDDl>true</existDependencyGenerateInDDl>
<parsed>true</parsed>
<columns itemClass="oracle.dbtools.crest.model.design.relational.Column">
<Column name="rut_medico" id="3CDF500E-897F-F899-4842-FA6EE29516E6">
<createdBy>HP</createdBy>
<createdTime>2025-09-13 09:46:47 UTC</createdTime>
<generatorID>08CE84B0-CFD3-D01E-BCBF-C015F04B310F</generatorID>
<ownerDesignName>Exp2_S5_Alonso_Basualdo</ownerDesignName>
<useDomainConstraints>false</useDomainConstraints>
<use>1</use>
<logicalDatatype>LOGDT024</logicalDatatype>
<dataTypeSize>15</dataTypeSize>
<ownDataTypeParameters>15,,</ownDataTypeParameters>
<autoIncrementCycle>false</autoIncrementCycle>
</Column>
<Column name="id_unidad" id="1E833B72-1B0B-D6D6-906B-E2FCC1D748C2">
<createdBy>HP</createdBy>
<createdTime>2025-09-13 09:46:47 UTC</createdTime>
<generatorID>45F97F06-681A-9150-8005-FF434C01EB21</generatorID>
<ownerDesignName>Exp2_S5_Alonso_Basualdo</ownerDesignName>
<useDomainConstraints>false</useDomainConstraints>
<use>1</use>
<logicalDatatype>LOGDT011</logicalDatatype>
<ownDataTypeParameters>,,</ownDataTypeParameters>
<autoIncrementCycle>false</autoIncrementCycle>
</Column>
<Column name="MEDICO_rut_medico" id="CB6051DF-F707-0561-8930-C80DA546EF9D">
<createdBy>HP</createdBy>
<createdTime>2025-09-13 09:46:47 UTC</createdTime>
<generatorID>B949DFF8-7A0D-1495-3419-8E0DCDF9E1A5</generatorID>
<ownerDesignName>Exp2_S5_Alonso_Basualdo</ownerDesignName>
<nullsAllowed>true</nullsAllowed>
<useDomainConstraints>false</useDomainConstraints>
<use>1</use>
<logicalDatatype>LOGDT024</logicalDatatype>
<dataTypeSize>15</dataTypeSize>
<ownDataTypeParameters>,,</ownDataTypeParameters>
<previousColumn>false</previousColumn>
<autoIncrementCycle>false</autoIncrementCycle>
<associations>
<colAssociation fkAssociation="314C0DE3-8405-70D0-825B-EE0F1B3D028B" referredColumn="51D1CB62-4AA1-4956-8D54-07296BAD4B98"/>
</associations>
</Column>
<Column name="UNI_ATEN_id_uni" id="481EB2B7-59CA-B9AC-2046-3D37747DC711">
<createdBy>HP</createdBy>
<createdTime>2025-09-13 09:46:47 UTC</createdTime>
<generatorID>FA748F28-9712-62DB-A63E-CF95DE9F664B</generatorID>
<ownerDesignName>Exp2_S5_Alonso_Basualdo</ownerDesignName>
<nullsAllowed>true</nullsAllowed>
<useDomainConstraints>false</useDomainConstraints>
<use>1</use>
<logicalDatatype>LOGDT011</logicalDatatype>
<ownDataTypeParameters>,,</ownDataTypeParameters>
<previousColumn>false</previousColumn>
<autoIncrementCycle>false</autoIncrementCycle>
<associations>
<colAssociation fkAssociation="07E6468D-500B-4415-2BE5-A5BCD1FB2893" referredColumn="7ED6D01A-422C-D924-677E-21723C03E2BE"/>
</associations>
</Column>
</columns>
<indexes itemClass="oracle.dbtools.crest.model.design.relational.Index">
<ind_PK_UK id="0494D101-92C2-EB25-48B6-0B7F1BEEC69C" name="MED_UNI_ATEN_MED_FK">
<createdBy>HP</createdBy>
<createdTime>2025-09-13 09:46:47 UTC</createdTime>
<generatorID>A5D50128-2185-6305-9B45-6079A2FF6682</generatorID>
<ownerDesignName>Exp2_S5_Alonso_Basualdo</ownerDesignName>
<indexState>Foreign Key</indexState>
<isSurrogateKey>false</isSurrogateKey>
<indexColumnUsage>
<colUsage columnID="CB6051DF-F707-0561-8930-C80DA546EF9D"/>
</indexColumnUsage>
</ind_PK_UK>
<ind_PK_UK id="73226DE5-EB99-2547-0C6B-61583DFB6CCD" name="MED_UNI_ATEN_UNI_ATEN_FK">
<createdBy>HP</createdBy>
<createdTime>2025-09-13 09:46:47 UTC</createdTime>
<generatorID>112F46A2-8DFA-D4FF-4390-DA3E3E56A32A</generatorID>
<ownerDesignName>Exp2_S5_Alonso_Basualdo</ownerDesignName>
<indexState>Foreign Key</indexState>
<isSurrogateKey>false</isSurrogateKey>
<indexColumnUsage>
<colUsage columnID="481EB2B7-59CA-B9AC-2046-3D37747DC711"/>
</indexColumnUsage>
</ind_PK_UK>
</indexes>
</Table>