<?xml version = '1.0' encoding = 'UTF-8'?>
<Table class="oracle.dbtools.crest.model.design.relational.Table" directorySegmentName="seg_0" id="55E47435-8039-5302-920D-AB9FF612D76D" name="UNIDAD_ATENCION">
<createdBy>HP</createdBy>
<createdTime>2025-09-13 09:46:47 UTC</createdTime>
<generatorID>C3940981-7539-6060-9343-C1FF73383352</generatorID>
<ownerDesignName>Exp2_S5_Alonso_Basualdo</ownerDesignName>
<allowColumnReorder>false</allowColumnReorder>
<existDependencyGenerateInDDl>true</existDependencyGenerateInDDl>
<parsed>true</parsed>
<columns itemClass="oracle.dbtools.crest.model.design.relational.Column">
<Column name="id_unidad" id="7ED6D01A-422C-D924-677E-21723C03E2BE">
<createdBy>HP</createdBy>
<createdTime>2025-09-13 09:46:47 UTC</createdTime>
<generatorID>8BB3A1D5-6037-321A-EE31-0E564AE437C2</generatorID>
<ownerDesignName>Exp2_S5_Alonso_Basualdo</ownerDesignName>
<useDomainConstraints>false</useDomainConstraints>
<use>1</use>
<logicalDatatype>LOGDT011</logicalDatatype>
<ownDataTypeParameters>,,</ownDataTypeParameters>
<autoIncrementCycle>false</autoIncrementCycle>
</Column>
<Column name="nombre_unidad" id="78AF3387-D50E-6626-4247-AAAA62225D2B">
<createdBy>HP</createdBy>
<createdTime>2025-09-13 09:46:47 UTC</createdTime>
<generatorID>CFA5324D-0198-3E70-F4B1-8583D3FE6B5C</generatorID>
<ownerDesignName>Exp2_S5_Alonso_Basualdo</ownerDesignName>
<useDomainConstraints>false</useDomainConstraints>
<use>1</use>
<logicalDatatype>LOGDT024</logicalDatatype>
<dataTypeSize>50</dataTypeSize>
<ownDataTypeParameters>50,,</ownDataTypeParameters>
<autoIncrementCycle>false</autoIncrementCycle>
</Column>
<Column name="descripcion_unidad" id="96A0D0AC-E09D-06A4-E425-BB57F093EE45">
<createdBy>HP</createdBy>
<createdTime>2025-09-13 09:46:47 UTC</createdTime>
<generatorID>B482B9AB-658E-867B-0079-516454C701D1</generatorID>
<ownerDesignName>Exp2_S5_Alonso_Basualdo</ownerDesignName>
<nullsAllowed>true</nullsAllowed>
<useDomainConstraints>false</useDomainConstraints>
<use>1</use>
<logicalDatatype>LOGDT024</logicalDatatype>
<dataTypeSize>255</dataTypeSize>
<ownDataTypeParameters>255,,</ownDataTypeParameters>
<autoIncrementCycle>false</autoIncrementCycle>
</Column>
</columns>
<indexes itemClass="oracle.dbtools.crest.model.design.relational.Index">
<ind_PK_UK id="ADCEAEE0-9948-6B66-4807-B7F176F681FF" name="UNIDAD_ATENCION_PK">
<createdBy>HP</createdBy>
<createdTime>2025-09-13 09:46:47 UTC</createdTime>
<generatorID>7A62B835-C81D-80AC-E10B-4B250536D79B</generatorID>
<ownerDesignName>Exp2_S5_Alonso_Basualdo</ownerDesignName>
<pk>true</pk>
<indexState>Primary Constraint</indexState>
<isSurrogateKey>false</isSurrogateKey>
<indexColumnUsage>
<colUsage columnID="7ED6D01A-422C-D924-677E-21723C03E2BE"/>
</indexColumnUsage>
</ind_PK_UK>
</indexes>
</Table>