<?xml version = '1.0' encoding = 'UTF-8'?>
<Table class="oracle.dbtools.crest.model.design.relational.Table" directorySegmentName="seg_0" id="63404768-E025-75E7-3B2A-B01BCBD8006B" name="ATENCION_MEDICA">
<createdBy>HP</createdBy>
<createdTime>2025-09-13 09:46:47 UTC</createdTime>
<generatorID>9AA0EC9E-2023-AB4E-6201-1B91FD129B8E</generatorID>
<ownerDesignName>Exp2_S5_Alonso_Basualdo</ownerDesignName>
<allowColumnReorder>false</allowColumnReorder>
<existDependencyGenerateInDDl>true</existDependencyGenerateInDDl>
<parsed>true</parsed>
<columns itemClass="oracle.dbtools.crest.model.design.relational.Column">
<Column name="id_atencion" id="91AB23F1-A203-3E83-BEAF-F6492A6EEB54">
<createdBy>HP</createdBy>
<createdTime>2025-09-13 09:46:47 UTC</createdTime>
<generatorID>CE6156E4-B823-6857-9556-98F5CAE82C9C</generatorID>
<ownerDesignName>Exp2_S5_Alonso_Basualdo</ownerDesignName>
<useDomainConstraints>false</useDomainConstraints>
<use>1</use>
<logicalDatatype>LOGDT011</logicalDatatype>
<ownDataTypeParameters>,,</ownDataTypeParameters>
<autoIncrementCycle>false</autoIncrementCycle>
</Column>
<Column name="fecha_atencion" id="B2D2B51D-86F2-9BE0-82EB-E4B14CA54A46">
<createdBy>HP</createdBy>
<createdTime>2025-09-13 09:46:47 UTC</createdTime>
<generatorID>9F6617C2-4FED-9FC2-73F7-69BE8BC029BA</generatorID>
<ownerDesignName>Exp2_S5_Alonso_Basualdo</ownerDesignName>
<useDomainConstraints>false</useDomainConstraints>
<use>1</use>
<logicalDatatype>LOGDT007</logicalDatatype>
<ownDataTypeParameters>,,</ownDataTypeParameters>
<autoIncrementCycle>false</autoIncrementCycle>
</Column>
<Column name="tipo_atencion" id="03CA4A56-6BFD-97B5-F482-EF9E1B904D44">
<createdBy>HP</createdBy>
<createdTime>2025-09-13 09:46:47 UTC</createdTime>
<generatorID>F3742A70-9E03-A99E-ED18-4CD409942E75</generatorID>
<ownerDesignName>Exp2_S5_Alonso_Basualdo</ownerDesignName>
<useDomainConstraints>false</useDomainConstraints>
<use>1</use>
<logicalDatatype>LOGDT024</logicalDatatype>
<dataTypeSize>20</dataTypeSize>
<ownDataTypeParameters>20,,</ownDataTypeParameters>
<autoIncrementCycle>false</autoIncrementCycle>
</Column>
<Column name="rut_paciente" id="291392FF-D4B5-3E2C-7B5D-064BD8D662B7">
<createdBy>HP</createdBy>
<createdTime>2025-09-13 09:46:47 UTC</createdTime>
<generatorID>5394E5B8-8D99-1175-AE51-8EBA2DE4FE7E</generatorID>
<ownerDesignName>Exp2_S5_Alonso_Basualdo</ownerDesignName>
<useDomainConstraints>false</useDomainConstraints>
<use>1</use>
<logicalDatatype>LOGDT024</logicalDatatype>
<dataTypeSize>15</dataTypeSize>
<ownDataTypeParameters>15,,</ownDataTypeParameters>
<autoIncrementCycle>false</autoIncrementCycle>
</Column>
<Column name="rut_medico" id="4E87ADD6-C0B6-A625-532C-E6B4AF613187">
<createdBy>HP</createdBy>
<createdTime>2025-09-13 09:46:47 UTC</createdTime>
<generatorID>416DE6F1-A8C3-1819-EAB9-A3ADCEB81BDA</generatorID>
<ownerDesignName>Exp2_S5_Alonso_Basualdo</ownerDesignName>
<useDomainConstraints>false</useDomainConstraints>
<use>1</use>
<logicalDatatype>LOGDT024</logicalDatatype>
<dataTypeSize>20</dataTypeSize>
<ownDataTypeParameters>20,,</ownDataTypeParameters>
<autoIncrementCycle>false</autoIncrementCycle>
</Column>
<Column name="monto_pagado" id="1A4E2A58-B510-15E7-0365-6CFF5194E51C">
<createdBy>HP</createdBy>
<createdTime>2025-09-13 09:46:47 UTC</createdTime>
<generatorID>32B6FEEA-5150-A32F-77A4-6B21B4838E0E</generatorID>
<ownerDesignName>Exp2_S5_Alonso_Basualdo</ownerDesignName>
<useDomainConstraints>false</useDomainConstraints>
<use>1</use>
<logicalDatatype>LOGDT011</logicalDatatype>
<ownDataTypeParameters>,,</ownDataTypeParameters>
<autoIncrementCycle>false</autoIncrementCycle>
</Column>
<Column name="diagnostio" id="51C5F89C-42B1-F881-2688-9A8033CB0BC8">
<createdBy>HP</createdBy>
<createdTime>2025-09-13 09:46:47 UTC</createdTime>
<generatorID>7C0E27E3-9E3E-BD10-5D1E-3B8A7E04275A</generatorID>
<ownerDesignName>Exp2_S5_Alonso_Basualdo</ownerDesignName>
<nullsAllowed>true</nullsAllowed>
<useDomainConstraints>false</useDomainConstraints>
<use>1</use>
<logicalDatatype>LOGDT024</logicalDatatype>
<dataTypeSize>255</dataTypeSize>
<ownDataTypeParameters>255,,</ownDataTypeParameters>
<autoIncrementCycle>false</autoIncrementCycle>
</Column>
<Column name="tipo_consulta" id="1E30D1C7-0C50-54E2-737A-CE516E7649B2">
<createdBy>HP</createdBy>
<createdTime>2025-09-13 09:46:47 UTC</createdTime>
<generatorID>DA0E51B1-DC03-6EC1-DAD0-6FEB2DA970DC</generatorID>
<ownerDesignName>Exp2_S5_Alonso_Basualdo</ownerDesignName>
<useDomainConstraints>false</useDomainConstraints>
<use>1</use>
<logicalDatatype>LOGDT024</logicalDatatype>
<dataTypeSize>50</dataTypeSize>
<ownDataTypeParameters>50,,</ownDataTypeParameters>
<autoIncrementCycle>false</autoIncrementCycle>
</Column>
<Column name="observaciones" id="B0146F75-259E-4D97-7453-C61E4A11B9EA">
<createdBy>HP</createdBy>
<createdTime>2025-09-13 09:46:47 UTC</createdTime>
<generatorID>40795E9F-5EEC-CA07-F7D3-6F32CAB2A95D</generatorID>
<ownerDesignName>Exp2_S5_Alonso_Basualdo</ownerDesignName>
<nullsAllowed>true</nullsAllowed>
<useDomainConstraints>false</useDomainConstraints>
<use>1</use>
<logicalDatatype>LOGDT024</logicalDatatype>
<dataTypeSize>255</dataTypeSize>
<ownDataTypeParameters>255,,</ownDataTypeParameters>
<autoIncrementCycle>false</autoIncrementCycle>
</Column>
<Column name="RUT_pacie_pacie" id="8E36DD33-C791-FAAF-02D0-BD59B8421694">
<createdBy>HP</createdBy>
<createdTime>2025-09-13 09:46:47 UTC</createdTime>
<generatorID>3D381CA1-D4AE-E070-E172-C47E7649A066</generatorID>
<ownerDesignName>Exp2_S5_Alonso_Basualdo</ownerDesignName>
<nullsAllowed>true</nullsAllowed>
<useDomainConstraints>false</useDomainConstraints>
<use>1</use>
<logicalDatatype>LOGDT024</logicalDatatype>
<dataTypeSize>15</dataTypeSize>
<ownDataTypeParameters>,,</ownDataTypeParameters>
<previousColumn>false</previousColumn>
<autoIncrementCycle>false</autoIncrementCycle>
<associations>
<colAssociation fkAssociation="AC34F9A6-0217-784E-B7D3-8D1141782BA1" referredColumn="77BE9D6F-555F-6BFD-6474-74985B45BEA1"/>
</associations>
</Column>
<Column name="RUT_med_med" id="A182C91E-C8A2-3AE3-710D-AA1DF6121B67">
<createdBy>HP</createdBy>
<createdTime>2025-09-13 09:46:47 UTC</createdTime>
<generatorID>7F8A2AB7-7FD7-E69C-8CA0-187B31B4C6CE</generatorID>
<ownerDesignName>Exp2_S5_Alonso_Basualdo</ownerDesignName>
<nullsAllowed>true</nullsAllowed>
<useDomainConstraints>false</useDomainConstraints>
<use>1</use>
<logicalDatatype>LOGDT024</logicalDatatype>
<dataTypeSize>15</dataTypeSize>
<ownDataTypeParameters>,,</ownDataTypeParameters>
<previousColumn>false</previousColumn>
<autoIncrementCycle>false</autoIncrementCycle>
<associations>
<colAssociation fkAssociation="EB589174-FC97-07A1-7F3C-52DA56C39BED" referredColumn="51D1CB62-4AA1-4956-8D54-07296BAD4B98"/>
</associations>
</Column>
<Column name="PAGO_ATEN_id_pag" id="688EBEB5-8769-5DCB-96C7-3E90BA9A08E2">
<createdBy>HP</createdBy>
<createdTime>2025-09-13 09:46:47 UTC</createdTime>
<generatorID>636DD23D-D532-DAF0-E738-1A3A12601F17</generatorID>
<ownerDesignName>Exp2_S5_Alonso_Basualdo</ownerDesignName>
<useDomainConstraints>false</useDomainConstraints>
<use>1</use>
<logicalDatatype>LOGDT011</logicalDatatype>
<ownDataTypeParameters>,,</ownDataTypeParameters>
<previousColumn>false</previousColumn>
<autoIncrementCycle>false</autoIncrementCycle>
<associations>
<colAssociation fkAssociation="A9627BB5-DB73-4F8D-1B70-84A0762B0445" referredColumn="F278982B-6F7C-B2E1-D756-3C53A28448D5"/>
</associations>
</Column>
</columns>
<indexes itemClass="oracle.dbtools.crest.model.design.relational.Index">
<ind_PK_UK id="71898D65-C956-6A6F-305D-F142C1D5DC72" name="ATENCION_MEDICA_PK">
<createdBy>HP</createdBy>
<createdTime>2025-09-13 09:46:47 UTC</createdTime>
<generatorID>E4F6C3DB-A105-6547-FCE2-CF55EE346182</generatorID>
<ownerDesignName>Exp2_S5_Alonso_Basualdo</ownerDesignName>
<pk>true</pk>
<indexState>Primary Constraint</indexState>
<isSurrogateKey>false</isSurrogateKey>
<indexColumnUsage>
<colUsage columnID="91AB23F1-A203-3E83-BEAF-F6492A6EEB54"/>
</indexColumnUsage>
</ind_PK_UK>
<ind_PK_UK id="77C202B3-B926-815C-86C1-F8E1B6C13A7F" name="ATENCION_MEDICA__IDX">
<createdBy>HP</createdBy>
<createdTime>2025-09-13 09:46:47 UTC</createdTime>
<ownerDesignName>Exp2_S5_Alonso_Basualdo</ownerDesignName>
<indexState>Unique Plain Index</indexState>
<isSurrogateKey>false</isSurrogateKey>
<relationGeneratorID>B8635E49-451A-5244-9240-2F1356164953</relationGeneratorID>
<indexColumnUsage>
<colUsage columnID="688EBEB5-8769-5DCB-96C7-3E90BA9A08E2"/>
</indexColumnUsage>
</ind_PK_UK>
<ind_PK_UK id="814FEDD8-3712-84D2-8054-0A8622E68678" name="ATEN_MEDICA_MEDI_FK">
<createdBy>HP</createdBy>
<createdTime>2025-09-13 09:46:47 UTC</createdTime>
<generatorID>91042A73-0EEF-8846-1022-C3BC59555937</generatorID>
<ownerDesignName>Exp2_S5_Alonso_Basualdo</ownerDesignName>
<indexState>Foreign Key</indexState>
<isSurrogateKey>false</isSurrogateKey>
<indexColumnUsage>
<colUsage columnID="A182C91E-C8A2-3AE3-710D-AA1DF6121B67"/>
</indexColumnUsage>
</ind_PK_UK>
<ind_PK_UK id="2D9E247E-F0F3-4A6D-B434-1CB2CA6EA971" name="ATEN_MEDICA_PACIE_FK">
<createdBy>HP</createdBy>
<createdTime>2025-09-13 09:46:47 UTC</createdTime>
<generatorID>166CD0F1-3949-6838-A6C9-2398EE1E0CB9</generatorID>
<ownerDesignName>Exp2_S5_Alonso_Basualdo</ownerDesignName>
<indexState>Foreign Key</indexState>
<isSurrogateKey>false</isSurrogateKey>
<indexColumnUsage>
<colUsage columnID="8E36DD33-C791-FAAF-02D0-BD59B8421694"/>
</indexColumnUsage>
</ind_PK_UK>
<ind_PK_UK id="396BE9E8-287C-89E4-6C8D-1E8DB54AE4CB" name="ATENC_MED_PAGO_FK">
<createdBy>alons</createdBy>
<createdTime>2025-09-14 23:43:01 UTC</createdTime>
<generatorID>B8635E49-451A-5244-9240-2F1356164953</generatorID>
<ownerDesignName>Exp2_S5_Alonso_Basualdo</ownerDesignName>
<indexState>Foreign Key</indexState>
<isSurrogateKey>false</isSurrogateKey>
<indexColumnUsage>
<colUsage columnID="688EBEB5-8769-5DCB-96C7-3E90BA9A08E2"/>
</indexColumnUsage>
</ind_PK_UK>
</indexes>
</Table>