<?xml version = '1.0' encoding = 'UTF-8'?>
<Diagram class="oracle.dbtools.crest.swingui.logical.DPVLogical" name="Logical" id="934D2A24-3ACB-3880-A599-635F7DCE3E81">
<createdBy>HP</createdBy>
<modifiedBy>HP</modifiedBy>
<createdTime>2025-09-13 07:02:30 UTC</createdTime>
<autoRoute>false</autoRoute>
<boxInbox>true</boxInbox>
<showLegend>false</showLegend>
<showLabels>false</showLabels>
<showRelAttributes>false</showRelAttributes>
<gridEnabled>false</gridEnabled>
<showGrid>false</showGrid>
<diagramColor>-1</diagramColor>
<display>false</display>
<notation>1</notation>
<objectViews>
<OView class="oracle.dbtools.crest.swingui.logical.TVEntity" oid="011763EF-FEB5-19B5-8DE2-C47B533C0A8C" otype="Entity" vid="C4DAA170-ECD8-C6E6-907F-3F56A86C9413">
<hideElementsInCurrentOnly>false</hideElementsInCurrentOnly>
<bounds x="458" y="706" width="170" height="110"/>
</OView>
<OView class="oracle.dbtools.crest.swingui.logical.TVEntity" oid="032F4C72-B295-4F72-AD99-11BC4BEC13C6" otype="Entity" vid="838FD706-7609-7E66-FA13-DD41A6610C78">
<hideElementsInCurrentOnly>false</hideElementsInCurrentOnly>
<bounds x="995" y="649" width="221" height="110"/>
</OView>
<OView class="oracle.dbtools.crest.swingui.logical.TVEntity" oid="125CEE8B-6DA2-C3E2-4332-35D1918249FC" otype="Entity" vid="9E75FE55-9743-AD56-09AC-8FFEA31981F6">
<hideElementsInCurrentOnly>false</hideElementsInCurrentOnly>
<bounds x="476" y="351" width="170" height="110"/>
</OView>
<OView class="oracle.dbtools.crest.swingui.logical.TVEntity" oid="12930153-211D-860D-8566-75BEC6631BC9" otype="Entity" vid="5D70CFFD-05C6-2C1F-DDEB-77F2A2255AF9">
<hideElementsInCurrentOnly>false</hideElementsInCurrentOnly>
<bounds x="98" y="324" width="170" height="110"/>
</OView>
<OView class="oracle.dbtools.crest.swingui.logical.TVEntity" oid="47C99003-4CF6-A9C1-965E-16E73434A5C8" otype="Entity" vid="C5075DFE-B2AA-0178-D4E4-1B0E5580091B">
<hideElementsInCurrentOnly>false</hideElementsInCurrentOnly>
<bounds x="88" y="541" width="170" height="110"/>
</OView>
<OView class="oracle.dbtools.crest.swingui.logical.TVEntity" oid="600A6EED-C28E-018F-EB09-027CA7CCE062" otype="Entity" vid="6424F356-2C8F-4B68-DE9D-5438E6B8C580">
<hideElementsInCurrentOnly>false</hideElementsInCurrentOnly>
<bounds x="1510" y="41" width="170" height="110"/>
</OView>
<OView class="oracle.dbtools.crest.swingui.logical.TVEntity" oid="981C8B9A-3924-ABD6-1E89-99D8CAA91A62" otype="Entity" vid="9F82EE56-83BA-21A4-566F-AC5D7B454208">
<hideElementsInCurrentOnly>false</hideElementsInCurrentOnly>
<bounds x="649" y="490" width="200" height="131"/>
</OView>
<OView class="oracle.dbtools.crest.swingui.logical.TVEntity" oid="9AA0EC9E-2023-AB4E-6201-1B91FD129B8E" otype="Entity" vid="90C870D8-E599-D340-606E-A9C848F76BE3">
<hideElementsInCurrentOnly>false</hideElementsInCurrentOnly>
<bounds x="484" y="33" width="312" height="162"/>
</OView>
<OView class="oracle.dbtools.crest.swingui.logical.TVEntity" oid="A61E8E5F-99E1-6A5C-D34A-1EA821EB06A2" otype="Entity" vid="0A7D9FC0-7899-1862-5B2B-D02FC057D4AB">
<hideElementsInCurrentOnly>false</hideElementsInCurrentOnly>
<bounds x="39" y="30" width="301" height="158"/>
</OView>
<OView class="oracle.dbtools.crest.swingui.logical.TVEntity" oid="AD999827-69AC-9F91-8952-13DBED013A41" otype="Entity" vid="123389B2-AAE2-7075-AE9B-D3A98E4D99B5">
<hideElementsInCurrentOnly>false</hideElementsInCurrentOnly>
<bounds x="1144" y="343" width="284" height="109"/>
</OView>
<OView class="oracle.dbtools.crest.swingui.logical.TVEntity" oid="C3940981-7539-6060-9343-C1FF73383352" otype="Entity" vid="AC7B44EC-AB08-D048-3749-3ADA12F55479">
<hideElementsInCurrentOnly>false</hideElementsInCurrentOnly>
<bounds x="1337" y="664" width="227" height="144"/>
</OView>
<OView class="oracle.dbtools.crest.swingui.logical.TVEntity" oid="DCCC4DCD-89CE-359E-F400-2EE626FD66E3" otype="Entity" vid="8AECD316-7458-8F6D-B599-3892F65B659D">
<hideElementsInCurrentOnly>false</hideElementsInCurrentOnly>
<bounds x="894" y="356" width="201" height="130"/>
</OView>
<OView class="oracle.dbtools.crest.swingui.logical.TVEntity" oid="E5483C6E-CA66-EF61-DE23-294797A39EF6" otype="Entity" vid="53F649B3-0832-D02D-EEF8-BF06A61C8DA1">
<hideElementsInCurrentOnly>false</hideElementsInCurrentOnly>
<bounds x="949" y="17" width="298" height="151"/>
</OView>
</objectViews>
<connectors>
<Connector class="oracle.dbtools.crest.swingui.logical.TVRelation" oid="112F46A2-8DFA-D4FF-4390-DA3E3E56A32A" otype="Relation" vid_source="AC7B44EC-AB08-D048-3749-3ADA12F55479" vid_target="838FD706-7609-7E66-FA13-DD41A6610C78">
<hideElementsInCurrentOnly>false</hideElementsInCurrentOnly>
<backgroundColor>-16777216</backgroundColor>
<lineWidth>1</lineWidth>
<points>
<point x="1337" y="711"/>
<point x="1216" y="711"/>
</points>
</Connector>
<Connector class="oracle.dbtools.crest.swingui.logical.TVRelation" oid="158BC5C1-23BC-85F0-47C0-BD18E895B492" otype="Relation" vid_source="0A7D9FC0-7899-1862-5B2B-D02FC057D4AB" vid_target="5D70CFFD-05C6-2C1F-DDEB-77F2A2255AF9">
<hideElementsInCurrentOnly>false</hideElementsInCurrentOnly>
<backgroundColor>-16777216</backgroundColor>
<lineWidth>1</lineWidth>
<points>
<point x="183" y="188"/>
<point x="183" y="324"/>
</points>
</Connector>
<Connector class="oracle.dbtools.crest.swingui.logical.TVRelation" oid="166CD0F1-3949-6838-A6C9-2398EE1E0CB9" otype="Relation" vid_source="0A7D9FC0-7899-1862-5B2B-D02FC057D4AB" vid_target="90C870D8-E599-D340-606E-A9C848F76BE3">
<hideElementsInCurrentOnly>false</hideElementsInCurrentOnly>
<backgroundColor>-16777216</backgroundColor>
<lineWidth>1</lineWidth>
<points>
<point x="340" y="110"/>
<point x="484" y="110"/>
</points>
</Connector>
<Connector class="oracle.dbtools.crest.swingui.logical.TVRelation" oid="495FD4D0-B792-28A7-2C90-660AD65123B1" otype="Relation" vid_source="53F649B3-0832-D02D-EEF8-BF06A61C8DA1" vid_target="53F649B3-0832-D02D-EEF8-BF06A61C8DA1">
<hideElementsInCurrentOnly>false</hideElementsInCurrentOnly>
<backgroundColor>-16777216</backgroundColor>
<lineWidth>1</lineWidth>
<points>
<point x="1247" y="105"/>
<point x="1272" y="105"/>
<point x="1273" y="231"/>
<point x="1122" y="232"/>
<point x="1122" y="168"/>
</points>
</Connector>
<Connector class="oracle.dbtools.crest.swingui.logical.TVRelation" oid="54739B90-2A4B-28EC-E127-D3B3C7EB7EF3" otype="Relation" vid_source="5D70CFFD-05C6-2C1F-DDEB-77F2A2255AF9" vid_target="C5075DFE-B2AA-0178-D4E4-1B0E5580091B">
<hideElementsInCurrentOnly>false</hideElementsInCurrentOnly>
<backgroundColor>-16777216</backgroundColor>
<lineWidth>1</lineWidth>
<points>
<point x="178" y="434"/>
<point x="178" y="541"/>
</points>
</Connector>
<Connector class="oracle.dbtools.crest.swingui.logical.TVRelation" oid="90F4A7EB-17C2-0835-7B47-D5264DEAF91B" otype="Relation" vid_source="53F649B3-0832-D02D-EEF8-BF06A61C8DA1" vid_target="8AECD316-7458-8F6D-B599-3892F65B659D">
<hideElementsInCurrentOnly>false</hideElementsInCurrentOnly>
<backgroundColor>-16777216</backgroundColor>
<lineWidth>1</lineWidth>
<points>
<point x="1022" y="168"/>
<point x="1022" y="356"/>
</points>
</Connector>
<Connector class="oracle.dbtools.crest.swingui.logical.TVRelation" oid="91042A73-0EEF-8846-1022-C3BC59555937" otype="Relation" vid_source="53F649B3-0832-D02D-EEF8-BF06A61C8DA1" vid_target="90C870D8-E599-D340-606E-A9C848F76BE3">
<hideElementsInCurrentOnly>false</hideElementsInCurrentOnly>
<backgroundColor>-16777216</backgroundColor>
<lineWidth>1</lineWidth>
<points>
<point x="949" y="100"/>
<point x="796" y="100"/>
</points>
</Connector>
<Connector class="oracle.dbtools.crest.swingui.logical.TVRelation" oid="9B8624C5-0885-A4F7-09A4-6F10BDC71166" otype="Relation" vid_source="90C870D8-E599-D340-606E-A9C848F76BE3" vid_target="9E75FE55-9743-AD56-09AC-8FFEA31981F6">
<hideElementsInCurrentOnly>false</hideElementsInCurrentOnly>
<backgroundColor>-16777216</backgroundColor>
<lineWidth>1</lineWidth>
<points>
<point x="565" y="195"/>
<point x="565" y="351"/>
</points>
</Connector>
<Connector class="oracle.dbtools.crest.swingui.logical.TVRelation" oid="A5D50128-2185-6305-9B45-6079A2FF6682" otype="Relation" vid_source="53F649B3-0832-D02D-EEF8-BF06A61C8DA1" vid_target="838FD706-7609-7E66-FA13-DD41A6610C78">
<hideElementsInCurrentOnly>false</hideElementsInCurrentOnly>
<backgroundColor>-16777216</backgroundColor>
<lineWidth>1</lineWidth>
<points>
<point x="1105" y="168"/>
<point x="1105" y="649"/>
</points>
</Connector>
<Connector class="oracle.dbtools.crest.swingui.logical.TVRelation" oid="B8635E49-451A-5244-9240-2F1356164953" otype="Relation" vid_source="90C870D8-E599-D340-606E-A9C848F76BE3" vid_target="9F82EE56-83BA-21A4-566F-AC5D7B454208">
<hideElementsInCurrentOnly>false</hideElementsInCurrentOnly>
<backgroundColor>-16777216</backgroundColor>
<lineWidth>1</lineWidth>
<points>
<point x="722" y="195"/>
<point x="722" y="490"/>
</points>
</Connector>
<Connector class="oracle.dbtools.crest.swingui.logical.TVRelation" oid="CDC8CF6F-15CE-B4C8-201B-611E01DA9D1D" otype="Relation" vid_source="53F649B3-0832-D02D-EEF8-BF06A61C8DA1" vid_target="123389B2-AAE2-7075-AE9B-D3A98E4D99B5">
<hideElementsInCurrentOnly>false</hideElementsInCurrentOnly>
<backgroundColor>-16777216</backgroundColor>
<lineWidth>1</lineWidth>
<points>
<point x="1195" y="168"/>
<point x="1195" y="343"/>
</points>
</Connector>
<Connector class="oracle.dbtools.crest.swingui.logical.TVRelation" oid="D8455850-95C1-5B4B-66A7-20B05D93D54D" otype="Relation" vid_source="53F649B3-0832-D02D-EEF8-BF06A61C8DA1" vid_target="6424F356-2C8F-4B68-DE9D-5438E6B8C580">
<hideElementsInCurrentOnly>false</hideElementsInCurrentOnly>
<backgroundColor>-16777216</backgroundColor>
<lineWidth>1</lineWidth>
<points>
<point x="1247" y="81"/>
<point x="1510" y="81"/>
</points>
</Connector>
<Connector class="oracle.dbtools.crest.swingui.logical.TVRelation" oid="E11258A0-8C18-A156-745F-7769E889FA46" otype="Relation" vid_source="C4DAA170-ECD8-C6E6-907F-3F56A86C9413" vid_target="9E75FE55-9743-AD56-09AC-8FFEA31981F6">
<hideElementsInCurrentOnly>false</hideElementsInCurrentOnly>
<backgroundColor>-16777216</backgroundColor>
<lineWidth>1</lineWidth>
<points>
<point x="552" y="706"/>
<point x="552" y="461"/>
</points>
</Connector>
</connectors>
</Diagram>